Workbook

Sheet ESTUDIANTES BENEFICIADOS
A1: Convocatoria | B1: RADICADO | C1: DEPARTAMENTO | D1: SECRETARIA | E1: CODIGO_DANE_MUNICIPIO | F1: MUNICIPIO | G1: CODIGO_DANE | H1: NOMBRE_ESTABLECIMIENTO | I1: CODIGO_DANE_SEDE | J1: NOMBRE_SEDE | K1: ZONA | L1: COMPUTADOR PORTÁTIL | M1: TABLETA | N1: acudiente_nombres | O1: acudiente_documento | P1: acudiente_parentesco | Q1: acudiente_direccion | R1: acudiente_celular | S1: acudiente_correo | T1: DOCUMENTO DE IDENTIDAD | U1: NOMBRE 1 | V1: NOMBRE 2 | W1: APELLIDO 1 | X1: APELLIDO 2 | Z1: FECHA NACIMIENTO | AA1: EDAD AL 30 DE OCTUBRE CON DOCUMENTO | AB1: SEXO | AC1: GRADO | AD1: correo_estudiante | AE1: Serial Asignado | AF1: Estado Despacho | AG1: Dane sede | AH1: Lugar de Entrega | AI1: Ubicacion institucional Educativa(P-D-M) | AJ1: N° Orden de Transporte | AK1: Programa | AL1: Referencia | AM1: Descripcion | AN1: Cantidad | AO1: Serial
A2: Línea 2 — EE vinculados a Educación Superior | B2: 86471 | C2: Caldas | D2: CALDAS | E2: 17013 | F2: Aguadas | G2: 117013000306 | H2: INSTITUCION EDUCATIVA MARINO GOMEZ ESTRADA | I2: 117013000306 | J2: INSTITUCION EDUCATIVA MARINO GOMEZ ESTRADA - SEDE PRINCIPAL | K2: URBANA | L2: - | M2: 1 | N2: DURBAY PATRICIA BETANCUR CARDONA | O2: 24370801 | P2: MADRE | Q2: Cra 3 # 18-95 apto 201 | R2: 3122614536 | S2: betancurcardonadurbaypatricia@gmail.com | T2: 1059812839 | U2: MARIA | V2: FERNANDA | W2: VARGAS | X2: BETANCUR | Z2: 4/14/2010 | AA2: 15 | AB2: F | AC2: 11 | AD2: fernandavargasbetancur03@gmail.com | AF2: Despacho Programado | AG2: {=_xlfn.LET(_xlpm.n,COUNTIFS($B$2:$B2,$B2,$M$2:$M2,$M2),_xlpm.res,IF($M2=1,_xlfn._xlws.FILTER('TABLETAS ESTUDIANTES'!$C$2:$K$1000,'TABLETAS ESTUDIANTES'!$B$2:$B$1000=$B2),_xlfn._xlws.FILTER('PORTATIL ESTUDIANTES'!$C$2:$K$1000,'PORTATIL ESTUDIANTES'!$B$2:$B$1000=$B2)),IFERROR(INDEX(_xlpm.res,_xlpm.n,_xlfn.SEQUENCE(1,9)),""))} -> 117013000306 | AH2: INSTITUCION EDUCATIVA MARINO GOMEZ ESTRADA - SEDE PRINCIPAL | AI2: Aguadas | AJ2: ENTIDAD TERRITORIAL | AK2: COMITÉ DE FOCALIZACION 2026 | AL2: 45053 | AM2: BT TABLETA LENOVO IDEA TAB PRO CTO 158-25 | AN2: 1 | AO2: HA2HES5G
A3: Línea 2 — EE vinculados a Educación Superior | B3: 86471 | C3: Caldas | D3: CALDAS | E3: 17013 | F3: Aguadas | G3: 117013000306 | H3: INSTITUCION EDUCATIVA MARINO GOMEZ ESTRADA | I3: 117013000306 | J3: INSTITUCION EDUCATIVA MARINO GOMEZ ESTRADA - SEDE PRINCIPAL | K3: URBANA | L3: - | M3: 1 | N3: LUZ ADRIANA LÓPEZ MURILLO | O3: 24370572 | P3: MADRE | Q3: Cra 5 # 10-28 | R3: 3117820297 | S3: adrianayemanuel069@gmail.com | T3: 1059812816 | U3: EMANUEL | V3: 0 | W3: RAMIREZ | X3: LOPEZ | Z3: 2/17/2010 | AA3: 16 | AB3: M | AC3: 11 | AD3: ramirezlopezema@gmail.com | AF3: Despacho Programado | AG3: {=_xlfn.LET(_xlpm.n,COUNTIFS($B$2:$B3,$B3,$M$2:$M3,$M3),_xlpm.res,IF($M3=1,_xlfn._xlws.FILTER('TABLETAS ESTUDIANTES'!$C$2:$K$1000,'TABLETAS ESTUDIANTES'!$B$2:$B$1000=$B3),_xlfn._xlws.FILTER('PORTATIL ESTUDIANTES'!$C$2:$K$1000,'PORTATIL ESTUDIANTES'!$B$2:$B$1000=$B3)),IFERROR(INDEX(_xlpm.res,_xlpm.n,_xlfn.SEQUENCE(1,9)),""))} -> 117013000306 | AH3: INSTITUCION EDUCATIVA MARINO GOMEZ ESTRADA - SEDE PRINCIPAL | AI3: Aguadas | AJ3: ENTIDAD TERRITORIAL | AK3: COMITÉ DE FOCALIZACION 2026 | AL3: 45053 | AM3: BT TABLETA LENOVO IDEA TAB PRO CTO 158-25 | AN3: 1 | AO3: HA2HDZEV
A4: Línea 2 — EE vinculados a Educación Superior | B4: 32741 | C4: Caldas | D4: CALDAS | E4: 17088 | F4: Belalcázar | G4: 117088000255 | H4: INSTITUCION EDUCATIVA CRISTO REY | I4: 117088000255 | J4: INSTITUCION EDUCATIVA CRISTO REY - SEDE PRINCIPAL | K4: URBANA | L4: - | M4: 1 | N4: MARÍA ROSA SÁNCHEZ NOREÑA | O4: 24527859 | P4: MADRE | Q4: Cra 7 # 21 - 21 | R4: 3233775928 | S4: grisalessanchezjuanjose238@gmail.com | T4: 1054480366 | U4: JUAN | V4: JOSE | W4: GRISALES | X4: SANCHEZ | Z4: 9/17/2009 | AA4: 16 | AB4: M | AC4: 11 | AD4: grisalessanchezjuanjose238@gmail.com | AF4: Despacho Programado | AG4: {=_xlfn.LET(_xlpm.n,COUNTIFS($B$2:$B4,$B4,$M$2:$M4,$M4),_xlpm.res,IF($M4=1,_xlfn._xlws.FILTER('TABLETAS ESTUDIANTES'!$C$2:$K$1000,'TABLETAS ESTUDIANTES'!$B$2:$B$1000=$B4),_xlfn._xlws.FILTER('PORTATIL ESTUDIANTES'!$C$2:$K$1000,'PORTATIL ESTUDIANTES'!$B$2:$B$1000=$B4)),IFERROR(INDEX(_xlpm.res,_xlpm.n,_xlfn.SEQUENCE(1,9)),""))} -> 117088000255 | AH4: INSTITUCION EDUCATIVA CRISTO REY - SEDE PRINCIPAL | AI4: Belalcázar | AJ4: ENTIDAD TERRITORIAL | AK4: COMITÉ DE FOCALIZACION 2026 | AL4: 45053 | AM4: BT TABLETA LENOVO IDEA TAB PRO CTO 158-25 | AN4: 1 | AO4: HA2HF5YE
A5: Línea 2 — EE vinculados a Educación Superior | B5: 32741 | C5: Caldas | D5: CALDAS | E5: 17088 | F5: Belalcázar | G5: 117088000255 | H5: INSTITUCION EDUCATIVA CRISTO REY | I5: 117088000255 | J5: INSTITUCION EDUCATIVA CRISTO REY - SEDE PRINCIPAL | K5: URBANA | L5: - | M5: 1 | N5: ALEJANDRA ARISTIZÁBAL VELANDIA | O5: 24529213 | P5: MADRE | Q5: KR 4 CL 13 - 12 PISO 4 APTO 401 | R5: 3105105065 | S5: alejandraaristizabal17@hotmail.com | T5: 1089606334 | U5: JOSE | V5: MIGUEL | W5: OROZCO | X5: ARISTIZABAL | Z5: 40154 | AA5: 16 | AB5: M | AC5: 11 | AD5: jmorozcoaristizabal@gmail.com | AF5: Despacho Programado | AG5: {=_xlfn.LET(_xlpm.n,COUNTIFS($B$2:$B5,$B5,$M$2:$M5,$M5),_xlpm.res,IF($M5=1,_xlfn._xlws.FILTER('TABLETAS ESTUDIANTES'!$C$2:$K$1000,'TABLETAS ESTUDIANTES'!$B$2:$B$1000=$B5),_xlfn._xlws.FILTER('PORTATIL ESTUDIANTES'!$C$2:$K$1000,'PORTATIL ESTUDIANTES'!$B$2:$B$1000=$B5)),IFERROR(INDEX(_xlpm.res,_xlpm.n,_xlfn.SEQUENCE(1,9)),""))} -> 117088000255 | AH5: INSTITUCION EDUCATIVA CRISTO REY - SEDE PRINCIPAL | AI5: Belalcázar | AJ5: ENTIDAD TERRITORIAL | AK5: COMITÉ DE FOCALIZACION 2026 | AL5: 45053 | AM5: BT TABLETA LENOVO IDEA TAB PRO CTO 158-25 | AN5: 1 | AO5: HA2HFL9K
A6: Línea 2 — EE vinculados a Educación Superior | B6: 32741 | C6: Caldas | D6: CALDAS | E6: 17088 | F6: Belalcázar | G6: 117088000255 | H6: INSTITUCION EDUCATIVA CRISTO REY | I6: 117088000255 | J6: INSTITUCION EDUCATIVA CRISTO REY - SEDE PRINCIPAL | K6: URBANA | L6: - | M6: 1 | N6: ALBANORA RUIZ VALENCIA | O6: 24730051 | P6: MADRE | Q6: Águila alta | R6: 3137632393 | S6: ruiznora624@gmail.com | T6: 1055890618 | U6: SNEIDER | V6: 0 | W6: GALLEGO | X6: RUIZ | Z6: 40423 | AA6: 16 | AB6: M | AC6: 11 | AD6: ruizgallego1252@gmail.com | AF6: Despacho Programado | AG6: {=_xlfn.LET(_xlpm.n,COUNTIFS($B$2:$B6,$B6,$M$2:$M6,$M6),_xlpm.res,IF($M6=1,_xlfn._xlws.FILTER('TABLETAS ESTUDIANTES'!$C$2:$K$1000,'TABLETAS ESTUDIANTES'!$B$2:$B$1000=$B6),_xlfn._xlws.FILTER('PORTATIL ESTUDIANTES'!$C$2:$K$1000,'PORTATIL ESTUDIANTES'!$B$2:$B$1000=$B6)),IFERROR(INDEX(_xlpm.res,_xlpm.n,_xlfn.SEQUENCE(1,9)),""))} -> 117088000255 | AH6: INSTITUCION EDUCATIVA CRISTO REY - SEDE PRINCIPAL | AI6: Belalcázar | AJ6: ENTIDAD TERRITORIAL | AK6: COMITÉ DE FOCALIZACION 2026 | AL6: 45053 | AM6: BT TABLETA LENOVO IDEA TAB PRO CTO 158-25 | AN6: 1 | AO6: HA2HF3WN
A7: Línea 2 — EE vinculados a Educación Superior | B7: 32741 | C7: Caldas | D7: CALDAS | E7: 17088 | F7: Belalcázar | G7: 117088000255 | H7: INSTITUCION EDUCATIVA CRISTO REY | I7: 117088000255 | J7: INSTITUCION EDUCATIVA CRISTO REY - SEDE PRINCIPAL | K7: URBANA | L7: - | M7: 1 | N7: MARIA ANDREA RUEDA | O7: 1057756935 | P7: MADRE | Q7: CL 21#9-30 | R7: 3216373490 | S7: andremarrueda@gmail.com | T7: 1057757797 | U7: HAYDER | V7: HAYDER | W7: CANO | X7: RUEDA | Z7: 39908 | AA7: 16 | AB7: M | AC7: 11 | AD7: haydercanorueda428@gmail.com | AF7: Despacho Programado | AG7: {=_xlfn.LET(_xlpm.n,COUNTIFS($B$2:$B7,$B7,$M$2:$M7,$M7),_xlpm.res,IF($M7=1,_xlfn._xlws.FILTER('TABLETAS ESTUDIANTES'!$C$2:$K$1000,'TABLETAS ESTUDIANTES'!$B$2:$B$1000=$B7),_xlfn._xlws.FILTER('PORTATIL ESTUDIANTES'!$C$2:$K$1000,'PORTATIL ESTUDIANTES'!$B$2:$B$1000=$B7)),IFERROR(INDEX(_xlpm.res,_xlpm.n,_xlfn.SEQUENCE(1,9)),""))} -> 117088000255 | AH7: INSTITUCION EDUCATIVA CRISTO REY - SEDE PRINCIPAL | AI7: Belalcázar | AJ7: ENTIDAD TERRITORIAL | AK7: COMITÉ DE FOCALIZACION 2026 | AL7: 45053 | AM7: BT TABLETA LENOVO IDEA TAB PRO CTO 158-25 | AN7: 1 | AO7: HA2HEQ33
A8: Línea 2 — EE vinculados a Educación Superior | B8: 32751 | C8: Caldas | D8: CALDAS | E8: 17174 | F8: Chinchiná | G8: 117174000292 | H8: INSTITUCION EDUCATIVA SAN FRANCISCO DE PAULA | I8: 117174000292 | J8: INSTITUCIÓN EDUCATIVA SAN FRANCISCO DE PAULA - SEDE PRINCIPAL | K8: URBANA | L8: - | M8: 1 | N8: LEIDY JULIETH DUQUE SALAZAR | O8: 1054986419 | P8: MADRE | Q8: vereda los cuervos sector las escuelas | R8: 3218718906 | S8: yosthindumey2000@gmail.com | T8: 1054869093 | U8: YOSTHIN | V8: DUMEY | W8: ORTEGA | X8: DUQUE | Z8: 11/13/2008 | AA8: 17 | AB8: M | AC8: 11 | AD8: yosthindumey2000@gmail.com | AF8: Despacho Programado | AG8: {=_xlfn.LET(_xlpm.n,COUNTIFS($B$2:$B8,$B8,$M$2:$M8,$M8),_xlpm.res,IF($M8=1,_xlfn._xlws.FILTER('TABLETAS ESTUDIANTES'!$C$2:$K$1000,'TABLETAS ESTUDIANTES'!$B$2:$B$1000=$B8),_xlfn._xlws.FILTER('PORTATIL ESTUDIANTES'!$C$2:$K$1000,'PORTATIL ESTUDIANTES'!$B$2:$B$1000=$B8)),IFERROR(INDEX(_xlpm.res,_xlpm.n,_xlfn.SEQUENCE(1,9)),""))} -> 117174000292 | AH8: INSTITUCIÓN EDUCATIVA SAN FRANCISCO DE PAULA - SEDE PRINCIPAL | AI8: Chinchiná | AJ8: ENTIDAD TERRITORIAL | AK8: COMITÉ DE FOCALIZACION 2026 | AL8: 45053 | AM8: BT TABLETA LENOVO IDEA TAB PRO CTO 158-25 | AN8: 1 | AO8: HA2HFZ91
A9: Línea 2 — EE vinculados a Educación Superior | B9: 18499 | C9: Caldas | D9: CALDAS | E9: 17174 | F9: Chinchiná | G9: 117174000349 | H9: INSTITUCION EDUCATIVA SANTA TERESITA | I9: 117174000349 | J9: INSTITUCIÓN EDUCATIVA SANTA TERESITA - SEDE PRINCIPAL | K9: URBANA | L9: - | M9: 1 | N9: PAULA ANDREA LOPEZ TRUJILLO | O9: 38561494 | P9: MADRE | Q9: cra 7 10-07 | R9: 3227937549 | S9: paulaandrealopeztrujillo03@gmail.com | T9: 1107859445 | U9: JOEL | V9: LORENZO | W9: GIRALDO | X9: LOPEZ | Z9: 1/30/2010 | AA9: 16 | AB9: M | AC9: 11 | AD9: joel.giraldo.lopez2024@gmail.com | AF9: Despacho Programado | AG9: {=_xlfn.LET(_xlpm.n,COUNTIFS($B$2:$B9,$B9,$M$2:$M9,$M9),_xlpm.res,IF($M9=1,_xlfn._xlws.FILTER('TABLETAS ESTUDIANTES'!$C$2:$K$1000,'TABLETAS ESTUDIANTES'!$B$2:$B$1000=$B9),_xlfn._xlws.FILTER('PORTATIL ESTUDIANTES'!$C$2:$K$1000,'PORTATIL ESTUDIANTES'!$B$2:$B$1000=$B9)),IFERROR(INDEX(_xlpm.res,_xlpm.n,_xlfn.SEQUENCE(1,9)),""))} -> 117174000349 | AH9: INSTITUCIÓN EDUCATIVA SANTA TERESITA - SEDE PRINCIPAL | AI9: Chinchiná | AJ9: ENTIDAD TERRITORIAL | AK9: COMITÉ DE FOCALIZACION 2026 | AL9: 45053 | AM9: BT TABLETA LENOVO IDEA TAB PRO CTO 158-25 | AN9: 1 | AO9: HA2HG0GP
A10: Línea 2 — EE vinculados a Educación Superior | B10: 18499 | C10: Caldas | D10: CALDAS | E10: 17174 | F10: Chinchiná | G10: 117174000349 | H10: INSTITUCION EDUCATIVA SANTA TERESITA | I10: 117174000349 | J10: INSTITUCIÓN EDUCATIVA SANTA TERESITA - SEDE PRINCIPAL | K10: URBANA | L10: - | M10: 1 | N10: DEYVER ARCILA CORTES | O10: 18399293 | P10: PADRE | Q10: cra 17a # 8a - 03 | R10: 3146061304 | S10: deyverarcila1980@gmail.com | T10: 1054871365 | U10: MANUELA | V10: 0 | W10: ARCILA | X10: ARCILA | Z10: 39911 | AA10: 16 | AB10: F | AC10: 11 | AD10: manuarcila2009@gmail.com | AF10: Despacho Programado | AG10: {=_xlfn.LET(_xlpm.n,COUNTIFS($B$2:$B10,$B10,$M$2:$M10,$M10),_xlpm.res,IF($M10=1,_xlfn._xlws.FILTER('TABLETAS ESTUDIANTES'!$C$2:$K$1000,'TABLETAS ESTUDIANTES'!$B$2:$B$1000=$B10),_xlfn._xlws.FILTER('PORTATIL ESTUDIANTES'!$C$2:$K$1000,'PORTATIL ESTUDIANTES'!$B$2:$B$1000=$B10)),IFERROR(INDEX(_xlpm.res,_xlpm.n,_xlfn.SEQUENCE(1,9)),""))} -> 117174000349 | AH10: INSTITUCIÓN EDUCATIVA SANTA TERESITA - SEDE PRINCIPAL | AI10: Chinchiná | AJ10: ENTIDAD TERRITORIAL | AK10: COMITÉ DE FOCALIZACION 2026 | AL10: 45053 | AM10: BT TABLETA LENOVO IDEA TAB PRO CTO 158-25 | AN10: 1 | AO10: HA2HES59
A11: Línea 2 — EE vinculados a Educación Superior | B11: 18499 | C11: Caldas | D11: CALDAS | E11: 17174 | F11: Chinchiná | G11: 117174000349 | H11: INSTITUCION EDUCATIVA SANTA TERESITA | I11: 117174000349 | J11: INSTITUCIÓN EDUCATIVA SANTA TERESITA - SEDE PRINCIPAL | K11: URBANA | L11: - | M11: 1 | N11: LADY TATIANA GIRALDO PARRA | O11: 1088261904 | P11: MADRE | Q11: CARRERA 12C # 7-07 URBANIZACIÓN LA VICTORIA CASA 22 | R11: 3106423884 | S11: tatygp22@gmail.com | T11: 1137061910 | U11: MARIANA | V11: 0 | W11: GIRALDO | X11: PARRA | Z11: 39883 | AA11: 16 | AB11: F | AC11: 11 | AD11: marianagiraldoparra09@gmail.com | AF11: Despacho Programado | AG11: {=_xlfn.LET(_xlpm.n,COUNTIFS($B$2:$B11,$B11,$M$2:$M11,$M11),_xlpm.res,IF($M11=1,_xlfn._xlws.FILTER('TABLETAS ESTUDIANTES'!$C$2:$K$1000,'TABLETAS ESTUDIANTES'!$B$2:$B$1000=$B11),_xlfn._xlws.FILTER('PORTATIL ESTUDIANTES'!$C$2:$K$1000,'PORTATIL ESTUDIANTES'!$B$2:$B$1000=$B11)),IFERROR(INDEX(_xlpm.res,_xlpm.n,_xlfn.SEQUENCE(1,9)),""))} -> 117174000349 | AH11: INSTITUCIÓN EDUCATIVA SANTA TERESITA - SEDE PRINCIPAL | AI11: Chinchiná | AJ11: ENTIDAD TERRITORIAL | AK11: COMITÉ DE FOCALIZACION 2026 | AL11: 45053 | AM11: BT TABLETA LENOVO IDEA TAB PRO CTO 158-25 | AN11: 1 | AO11: HA2HDZLA
A12: Línea 2 — EE vinculados a Educación Superior | B12: 18499 | C12: Caldas | D12: CALDAS | E12: 17174 | F12: Chinchiná | G12: 117174000349 | H12: INSTITUCION EDUCATIVA SANTA TERESITA | I12: 117174000349 | J12: INSTITUCIÓN EDUCATIVA SANTA TERESITA - SEDE PRINCIPAL | K12: URBANA | L12: - | M12: 1 | N12: JENNY VANESSA TABARES LOZANO | O12: 30361348 | P12: MADRE | Q12: Cra 15a#8D-31 | R12: 3105252506 | S12: valerytabares921@gmail.com | T12: 1054872974 | U12: VALERY | V12: 0 | W12: CARDENAS | X12: TABARES | Z12: 2/20/2010 | AA12: 16 | AB12: F | AC12: 11 | AD12: valerytabares921@gmail.com | AF12: Despacho Programado | AG12: {=_xlfn.LET(_xlpm.n,COUNTIFS($B$2:$B12,$B12,$M$2:$M12,$M12),_xlpm.res,IF($M12=1,_xlfn._xlws.FILTER('TABLETAS ESTUDIANTES'!$C$2:$K$1000,'TABLETAS ESTUDIANTES'!$B$2:$B$1000=$B12),_xlfn._xlws.FILTER('PORTATIL ESTUDIANTES'!$C$2:$K$1000,'PORTATIL ESTUDIANTES'!$B$2:$B$1000=$B12)),IFERROR(INDEX(_xlpm.res,_xlpm.n,_xlfn.SEQUENCE(1,9)),""))} -> 117174000349 | AH12: INSTITUCIÓN EDUCATIVA SANTA TERESITA - SEDE PRINCIPAL | AI12: Chinchiná | AJ12: ENTIDAD TERRITORIAL | AK12: COMITÉ DE FOCALIZACION 2026 | AL12: 45053 | AM12: BT TABLETA LENOVO IDEA TAB PRO CTO 158-25 | AN12: 1 | AO12: HA2HGSRY
A13: Línea 2 — EE vinculados a Educación Superior | B13: 18499 | C13: Caldas | D13: CALDAS | E13: 17174 | F13: Chinchiná | G13: 117174000349 | H13: INSTITUCION EDUCATIVA SANTA TERESITA | I13: 117174000349 | J13: INSTITUCIÓN EDUCATIVA SANTA TERESITA - SEDE PRINCIPAL | K13: URBANA | L13: - | M13: 1 | N13: FLORALBA LOPEZ LONDOÑO | O13: 30358460 | P13: MADRE | Q13: crr10# 6-36 | R13: 3105142204 | S13: floralbalopez00@gmail.com | T13: 1054480110 | U13: DILAN | V13: ESTEBAN | W13: RUDAS | X13: LOPEZ | Z13: 39733 | AA13: 17 | AB13: M | AC13: 11 | AD13: dilanestebanrudas@gmail.com | AF13: Despacho Programado | AG13: {=_xlfn.LET(_xlpm.n,COUNTIFS($B$2:$B13,$B13,$M$2:$M13,$M13),_xlpm.res,IF($M13=1,_xlfn._xlws.FILTER('TABLETAS ESTUDIANTES'!$C$2:$K$1000,'TABLETAS ESTUDIANTES'!$B$2:$B$1000=$B13),_xlfn._xlws.FILTER('PORTATIL ESTUDIANTES'!$C$2:$K$1000,'PORTATIL ESTUDIANTES'!$B$2:$B$1000=$B13)),IFERROR(INDEX(_xlpm.res,_xlpm.n,_xlfn.SEQUENCE(1,9)),""))} -> 117174000349 | AH13: INSTITUCIÓN EDUCATIVA SANTA TERESITA - SEDE PRINCIPAL | AI13: Chinchiná | AJ13: ENTIDAD TERRITORIAL | AK13: COMITÉ DE FOCALIZACION 2026 | AL13: 45053 | AM13: BT TABLETA LENOVO IDEA TAB PRO CTO 158-25 | AN13: 1 | AO13: HA2HDHTY
A14: Línea 2 — EE vinculados a Educación Superior | B14: 18499 | C14: Caldas | D14: CALDAS | E14: 17174 | F14: Chinchiná | G14: 117174000349 | H14: INSTITUCION EDUCATIVA SANTA TERESITA | I14: 117174000349 | J14: INSTITUCIÓN EDUCATIVA SANTA TERESITA - SEDE PRINCIPAL | K14: URBANA | L14: - | M14: 1 | N14: LAZARO ANTONIO VALENCIA CORRALES | O14: 4414200 | P14: PADRE | Q14: Vereda bajo español Finca caja de oro | R14: 3218471897 | S14: Valciajp@gmail.com | T14: 1127386550 | U14: JUAN | V14: PABLO | W14: VALENCIA | X14: GONZALEZ | Z14: 40153 | AA14: 16 | AB14: M | AC14: 11 | AD14: Valciajp@gmail.com | AF14: Despacho Programado | AG14: {=_xlfn.LET(_xlpm.n,COUNTIFS($B$2:$B14,$B14,$M$2:$M14,$M14),_xlpm.res,IF($M14=1,_xlfn._xlws.FILTER('TABLETAS ESTUDIANTES'!$C$2:$K$1000,'TABLETAS ESTUDIANTES'!$B$2:$B$1000=$B14),_xlfn._xlws.FILTER('PORTATIL ESTUDIANTES'!$C$2:$K$1000,'PORTATIL ESTUDIANTES'!$B$2:$B$1000=$B14)),IFERROR(INDEX(_xlpm.res,_xlpm.n,_xlfn.SEQUENCE(1,9)),""))} -> 117174000349 | AH14: INSTITUCIÓN EDUCATIVA SANTA TERESITA - SEDE PRINCIPAL | AI14: Chinchiná | AJ14: ENTIDAD TERRITORIAL | AK14: COMITÉ DE FOCALIZACION 2026 | AL14: 45053 | AM14: BT TABLETA LENOVO IDEA TAB PRO CTO 158-25 | AN14: 1 | AO14: HA2HDDHS
A15: Línea 2 — EE vinculados a Educación Superior | B15: 18499 | C15: Caldas | D15: CALDAS | E15: 17174 | F15: Chinchiná | G15: 117174000349 | H15: INSTITUCION EDUCATIVA SANTA TERESITA | I15: 117174000349 | J15: INSTITUCIÓN EDUCATIVA SANTA TERESITA - SEDE PRINCIPAL | K15: URBANA | L15: - | M15: 1 | N15: FRANCIA AYER RAMÍREZ | O15: 30331559 | P15: MADRE | Q15: Carrera 11 Calle 6 #11-19 | R15: 3044482085 | S15: tamayoemmanuel90@gmail.com | T15: 1058140140 | U15: EMANUEL | V15: 0 | W15: TAMAYO | X15: RAMIREZ | Z15: 2/21/2009 | AA15: 17 | AB15: M | AC15: 11 | AD15: tamayoramirezemmanuel21@gmail.com | AF15: Despacho Programado | AG15: {=_xlfn.LET(_xlpm.n,COUNTIFS($B$2:$B15,$B15,$M$2:$M15,$M15),_xlpm.res,IF($M15=1,_xlfn._xlws.FILTER('TABLETAS ESTUDIANTES'!$C$2:$K$1000,'TABLETAS ESTUDIANTES'!$B$2:$B$1000=$B15),_xlfn._xlws.FILTER('PORTATIL ESTUDIANTES'!$C$2:$K$1000,'PORTATIL ESTUDIANTES'!$B$2:$B$1000=$B15)),IFERROR(INDEX(_xlpm.res,_xlpm.n,_xlfn.SEQUENCE(1,9)),""))} -> 117174000349 | AH15: INSTITUCIÓN EDUCATIVA SANTA TERESITA - SEDE PRINCIPAL | AI15: Chinchiná | AJ15: ENTIDAD TERRITORIAL | AK15: COMITÉ DE FOCALIZACION 2026 | AL15: 45053 | AM15: BT TABLETA LENOVO IDEA TAB PRO CTO 158-25 | AN15: 1 | AO15: HA2HEN5S
A16: Línea 2 — EE vinculados a Educación Superior | B16: 84731 | C16: Caldas | D16: CALDAS | E16: 17433 | F16: Manzanares | G16: 117433000379 | H16: INSTITUCION EDUCATIVA MANZANARES | I16: 117433000379 | J16: INSTITUCION EDUCATIVA MANZANARES - SEDE PRINCIPAL | K16: URBANA | L16: - | M16: 1 | N16: MARITZA SANCHEZ GALEANO | O16: 24729296 | P16: MADRE | Q16: cra5 #8-13 | R16: 3223607969 | S16: masaga2472@gmail.com | T16: 1107981101 | U16: ANDRES | V16: FELIPE | W16: FRANCO | X16: SANCHEZ | Z16: 40271 | AA16: 16 | AB16: M | AC16: 11 | AD16: andresfelipefrancosanchez181@gmail.com | AF16: Despacho Programado | AG16: {=_xlfn.LET(_xlpm.n,COUNTIFS($B$2:$B16,$B16,$M$2:$M16,$M16),_xlpm.res,IF($M16=1,_xlfn._xlws.FILTER('TABLETAS ESTUDIANTES'!$C$2:$K$1000,'TABLETAS ESTUDIANTES'!$B$2:$B$1000=$B16),_xlfn._xlws.FILTER('PORTATIL ESTUDIANTES'!$C$2:$K$1000,'PORTATIL ESTUDIANTES'!$B$2:$B$1000=$B16)),IFERROR(INDEX(_xlpm.res,_xlpm.n,_xlfn.SEQUENCE(1,9)),""))} -> 117433000379 | AH16: INSTITUCION EDUCATIVA MANZANARES - SEDE PRINCIPAL | AI16: Manzanares | AJ16: ENTIDAD TERRITORIAL | AK16: COMITÉ DE FOCALIZACION 2026 | AL16: 45053 | AM16: BT TABLETA LENOVO IDEA TAB PRO CTO 158-25 | AN16: 1 | AO16: HA2HCYGP
A17: Línea 2 — EE vinculados a Educación Superior | B17: 84731 | C17: Caldas | D17: CALDAS | E17: 17433 | F17: Manzanares | G17: 117433000379 | H17: INSTITUCION EDUCATIVA MANZANARES | I17: 117433000379 | J17: INSTITUCION EDUCATIVA MANZANARES - SEDE PRINCIPAL | K17: URBANA | L17: - | M17: 1 | N17: YARLEDY GARCIA CARVAJAL | O17: 24731301 | P17: MADRE | Q17: Barrio Lombo | R17: 3234872217 | S17: Valenciagyarlenyy@gmail.com | T17: 1055890622 | U17: MARIA | V17: JOSE | W17: VALENCIA | X17: GARCIA | Z17: 2/20/2010 | AA17: 16 | AB17: F | AC17: 11 | AD17: yarle3245@gmail.com | AF17: Despacho Programado | AG17: {=_xlfn.LET(_xlpm.n,COUNTIFS($B$2:$B17,$B17,$M$2:$M17,$M17),_xlpm.res,IF($M17=1,_xlfn._xlws.FILTER('TABLETAS ESTUDIANTES'!$C$2:$K$1000,'TABLETAS ESTUDIANTES'!$B$2:$B$1000=$B17),_xlfn._xlws.FILTER('PORTATIL ESTUDIANTES'!$C$2:$K$1000,'PORTATIL ESTUDIANTES'!$B$2:$B$1000=$B17)),IFERROR(INDEX(_xlpm.res,_xlpm.n,_xlfn.SEQUENCE(1,9)),""))} -> 117433000379 | AH17: INSTITUCION EDUCATIVA MANZANARES - SEDE PRINCIPAL | AI17: Manzanares | AJ17: ENTIDAD TERRITORIAL | AK17: COMITÉ DE FOCALIZACION 2026 | AL17: 45053 | AM17: BT TABLETA LENOVO IDEA TAB PRO CTO 158-25 | AN17: 1 | AO17: HA2HFQ9E
A18: Línea 2 — EE vinculados a Educación Superior | B18: 84731 | C18: Caldas | D18: CALDAS | E18: 17433 | F18: Manzanares | G18: 117433000379 | H18: INSTITUCION EDUCATIVA MANZANARES | I18: 117433000379 | J18: INSTITUCION EDUCATIVA MANZANARES - SEDE PRINCIPAL | K18: URBANA | L18: - | M18: 1 | N18: LEIDY TATIANA JARAMILLO MONTES | O18: 1058843925 | P18: MADRE | Q18: Calle 6 3 33 | R18: 3133727502 | S18: tatiana.jaramillom@hotmail.com | T18: 1054871822 | U18: GERONIMO | V18: 0 | W18: HINCAPIE | X18: JARAMILLO | Z18: 10/29/2009 | AA18: 16 | AB18: M | AC18: 11 | AD18: hincapiejaramillogeronimo@gmail.com | AF18: Despacho Programado | AG18: {=_xlfn.LET(_xlpm.n,COUNTIFS($B$2:$B18,$B18,$M$2:$M18,$M18),_xlpm.res,IF($M18=1,_xlfn._xlws.FILTER('TABLETAS ESTUDIANTES'!$C$2:$K$1000,'TABLETAS ESTUDIANTES'!$B$2:$B$1000=$B18),_xlfn._xlws.FILTER('PORTATIL ESTUDIANTES'!$C$2:$K$1000,'PORTATIL ESTUDIANTES'!$B$2:$B$1000=$B18)),IFERROR(INDEX(_xlpm.res,_xlpm.n,_xlfn.SEQUENCE(1,9)),""))} -> 117433000379 | AH18: INSTITUCION EDUCATIVA MANZANARES - SEDE PRINCIPAL | AI18: Manzanares | AJ18: ENTIDAD TERRITORIAL | AK18: COMITÉ DE FOCALIZACION 2026 | AL18: 45053 | AM18: BT TABLETA LENOVO IDEA TAB PRO CTO 158-25 | AN18: 1 | AO18: HA2HG494
A19: Línea 2 — EE vinculados a Educación Superior | B19: 84731 | C19: Caldas | D19: CALDAS | E19: 17433 | F19: Manzanares | G19: 117433000379 | H19: INSTITUCION EDUCATIVA MANZANARES | I19: 117433000379 | J19: INSTITUCION EDUCATIVA MANZANARES - SEDE PRINCIPAL | K19: URBANA | L19: - | M19: 1 | N19: MARIO ANDRES NIETO GIL | O19: 1094886858 | P19: PADRE | Q19: Calle 11 #5-05 | R19: 3122145613 | S19: mangi@hotmail.com | T19: 1090275889 | U19: SOFIA | V19: 0 | W19: NIETO | X19: OSORIO | Z19: 4/24/2009 | AA19: 16 | AB19: F | AC19: 11 | AD19: nieto.245600@gmail.com | AF19: Despacho Programado | AG19: {=_xlfn.LET(_xlpm.n,COUNTIFS($B$2:$B19,$B19,$M$2:$M19,$M19),_xlpm.res,IF($M19=1,_xlfn._xlws.FILTER('TABLETAS ESTUDIANTES'!$C$2:$K$1000,'TABLETAS ESTUDIANTES'!$B$2:$B$1000=$B19),_xlfn._xlws.FILTER('PORTATIL ESTUDIANTES'!$C$2:$K$1000,'PORTATIL ESTUDIANTES'!$B$2:$B$1000=$B19)),IFERROR(INDEX(_xlpm.res,_xlpm.n,_xlfn.SEQUENCE(1,9)),""))} -> 117433000379 | AH19: INSTITUCION EDUCATIVA MANZANARES - SEDE PRINCIPAL | AI19: Manzanares | AJ19: ENTIDAD TERRITORIAL | AK19: COMITÉ DE FOCALIZACION 2026 | AL19: 45053 | AM19: BT TABLETA LENOVO IDEA TAB PRO CTO 158-25 | AN19: 1 | AO19: HA2HFE78
A20: Línea 2 — EE vinculados a Educación Superior | B20: 84731 | C20: Caldas | D20: CALDAS | E20: 17433 | F20: Manzanares | G20: 117433000379 | H20: INSTITUCION EDUCATIVA MANZANARES | I20: 117433000379 | J20: INSTITUCION EDUCATIVA MANZANARES - SEDE PRINCIPAL | K20: URBANA | L20: - | M20: 1 | N20: DIANA FARLEDY CARVAJAL LOPEZ | O20: 1057782308 | P20: MADRE | Q20: Calle 1#2_04 mirador esquina | R20: 3176320305 | S20: carvajaldiana753@gmail.com | T20: 1054556929 | U20: LUISA | V20: FERNANDA | W20: MARTINEZ | X20: CARVAJAL | Z20: 4/19/2010 | AA20: 15 | AB20: F | AC20: 11 | AD20: luisafernandamartinezcarvajal@gmail.com | AF20: Despacho Programado | AG20: {=_xlfn.LET(_xlpm.n,COUNTIFS($B$2:$B20,$B20,$M$2:$M20,$M20),_xlpm.res,IF($M20=1,_xlfn._xlws.FILTER('TABLETAS ESTUDIANTES'!$C$2:$K$1000,'TABLETAS ESTUDIANTES'!$B$2:$B$1000=$B20),_xlfn._xlws.FILTER('PORTATIL ESTUDIANTES'!$C$2:$K$1000,'PORTATIL ESTUDIANTES'!$B$2:$B$1000=$B20)),IFERROR(INDEX(_xlpm.res,_xlpm.n,_xlfn.SEQUENCE(1,9)),""))} -> 117433000379 | AH20: INSTITUCION EDUCATIVA MANZANARES - SEDE PRINCIPAL | AI20: Manzanares | AJ20: ENTIDAD TERRITORIAL | AK20: COMITÉ DE FOCALIZACION 2026 | AL20: 45053 | AM20: BT TABLETA LENOVO IDEA TAB PRO CTO 158-25 | AN20: 1 | AO20: HA2HGSRJ
A21: Línea 2 — EE vinculados a Educación Superior | B21: 9089 | C21: Caldas | D21: CALDAS | E21: 17444 | F21: Marquetalia | G21: 217444000138 | H21: INSTITUCION EDUCATIVA EL PLACER | I21: 217444000138 | J21: INSTITUCION EDUCATIVA EL PLACER - SEDE PRINCIPAL | K21: RURAL | L21: 1 | M21: - | N21: EDWIN OSORIO GUARÍN | O21: 75004320 | P21: PADRE | Q21: Vereda Buenos Aires | R21: 3117625031 | S21: edwinosoriog5@gmail.com | T21: 1058200418 | U21: JUANA | V21: JULIETH | W21: OSORIO | X21: OSORIO | Z21: 1/30/2010 | AA21: 16 | AB21: F | AC21: 11 | AD21: juanajuliethosorio@gmail.com | AF21: Despacho Programado | AG21: {=_xlfn.LET(_xlpm.n,COUNTIFS($B$2:$B21,$B21,$M$2:$M21,$M21),_xlpm.res,IF($M21=1,_xlfn._xlws.FILTER('TABLETAS ESTUDIANTES'!$C$2:$K$1000,'TABLETAS ESTUDIANTES'!$B$2:$B$1000=$B21),_xlfn._xlws.FILTER('PORTATIL ESTUDIANTES'!$C$2:$K$1000,'PORTATIL ESTUDIANTES'!$B$2:$B$1000=$B21)),IFERROR(INDEX(_xlpm.res,_xlpm.n,_xlfn.SEQUENCE(1,9)),""))} -> 217444000138 | AH21: INSTITUCION EDUCATIVA EL PLACER - SEDE PRINCIPAL | AI21: Marquetalia | AJ21: ENTIDAD TERRITORIAL | AK21: COMITÉ DE FOCALIZACION 2026 | AL21: 45030 | AM21: PORTÁTIL 14" HEWLETT PACKARD, PROBOOK 445 14 INCH G11 RYZEN 3 7335U - OC 148772 | AN21: 1 | AO21: 5CD532768Y
A22: Línea 2 — EE vinculados a Educación Superior | B22: 9089 | C22: Caldas | D22: CALDAS | E22: 17444 | F22: Marquetalia | G22: 217444000138 | H22: INSTITUCION EDUCATIVA EL PLACER | I22: 217444000138 | J22: INSTITUCION EDUCATIVA EL PLACER - SEDE PRINCIPAL | K22: RURAL | L22: 1 | M22: - | N22: NARLIDIS MEJIA HERNANDEZ | O22: 22143357 | P22: MADRE | Q22: Vereda el porvenir | R22: 3145956024 | S22: mejianarlidis6@gmail.com | T22: 1053809439 | U22: ANDRES | V22: FELIPE | W22: OSORIO | X22: MEJIA | Z22: 2/21/2009 | AA22: 17 | AB22: M | AC22: 11 | AD22: narlidismejia941mail.com@gmail.com | AF22: Despacho Programado | AG22: {=_xlfn.LET(_xlpm.n,COUNTIFS($B$2:$B22,$B22,$M$2:$M22,$M22),_xlpm.res,IF($M22=1,_xlfn._xlws.FILTER('TABLETAS ESTUDIANTES'!$C$2:$K$1000,'TABLETAS ESTUDIANTES'!$B$2:$B$1000=$B22),_xlfn._xlws.FILTER('PORTATIL ESTUDIANTES'!$C$2:$K$1000,'PORTATIL ESTUDIANTES'!$B$2:$B$1000=$B22)),IFERROR(INDEX(_xlpm.res,_xlpm.n,_xlfn.SEQUENCE(1,9)),""))} -> 217444000138 | AH22: INSTITUCION EDUCATIVA EL PLACER - SEDE PRINCIPAL | AI22: Marquetalia | AJ22: ENTIDAD TERRITORIAL | AK22: COMITÉ DE FOCALIZACION 2026 | AL22: 45030 | AM22: PORTÁTIL 14" HEWLETT PACKARD, PROBOOK 445 14 INCH G11 RYZEN 3 7335U - OC 148772 | AN22: 1 | AO22: 5CD53276Z1
A23: Línea 2 — EE vinculados a Educación Superior | B23: 21879 | C23: Caldas | D23: CALDAS | E23: 17495 | F23: Norcasia | G23: 117495005407 | H23: INSTITUCION EDUCATIVA SAN GERARDO MARIA MAYELA | I23: 117495005407 | J23: INSTITUCIÓN EDUCATIVA SAN GERARDO MARIA MAYELA - SEDE PRINCIPAL | K23: URBANA | L23: 1 | M23: - | N23: LUIZA FERNANDA RODRIGUEZ GALLEGO | O23: 1128625495 | P23: MADRE | Q23: MANZANA 35 CASA 97 BARRIO SAN MARIANO | R23: 3143518810 | S23: luizafer_815@hotmail.com | T23: 1054555724 | U23: JUAN | V23: DAVID | W23: BEDOYA | X23: RODRIGUEZ | Z23: 40096 | AA23: 16 | AB23: M | AC23: 11 | AD23: juand20024@icloud.com | AF23: Despacho Programado | AG23: {=_xlfn.LET(_xlpm.n,COUNTIFS($B$2:$B23,$B23,$M$2:$M23,$M23),_xlpm.res,IF($M23=1,_xlfn._xlws.FILTER('TABLETAS ESTUDIANTES'!$C$2:$K$1000,'TABLETAS ESTUDIANTES'!$B$2:$B$1000=$B23),_xlfn._xlws.FILTER('PORTATIL ESTUDIANTES'!$C$2:$K$1000,'PORTATIL ESTUDIANTES'!$B$2:$B$1000=$B23)),IFERROR(INDEX(_xlpm.res,_xlpm.n,_xlfn.SEQUENCE(1,9)),""))} -> 117495005407 | AH23: INSTITUCIÓN EDUCATIVA SAN GERARDO MARIA MAYELA - SEDE PRINCIPAL | AI23: Norcasia | AJ23: ENTIDAD TERRITORIAL | AK23: COMITÉ DE FOCALIZACION 2026 | AL23: 45030 | AM23: PORTÁTIL 14" HEWLETT PACKARD, PROBOOK 445 14 INCH G11 RYZEN 3 7335U - OC 148772 | AN23: 1 | AO23: 5CD532766F
A24: Línea 2 — EE vinculados a Educación Superior | B24: 21879 | C24: Caldas | D24: CALDAS | E24: 17495 | F24: Norcasia | G24: 117495005407 | H24: INSTITUCION EDUCATIVA SAN GERARDO MARIA MAYELA | I24: 117495005407 | J24: INSTITUCIÓN EDUCATIVA SAN GERARDO MARIA MAYELA - SEDE PRINCIPAL | K24: URBANA | L24: 1 | M24: - | N24: YURIANA YERLEIDY RINCON FLOREZ | O24: 1128624188 | P24: MADRE | Q24: ALTO DE LOS PINOS BL C AP 31 PISO 2 | R24: 3232879104 | S24: luizafer_815@hotmail.com | T24: 1012376245 | U24: DAVID | V24: ESTEBAN | W24: CRISTANCHO | X24: RINCON | Z24: 39937 | AA24: 16 | AB24: M | AC24: 11 | AD24: yyrf89@gmail.com | AF24: Despacho Programado | AG24: {=_xlfn.LET(_xlpm.n,COUNTIFS($B$2:$B24,$B24,$M$2:$M24,$M24),_xlpm.res,IF($M24=1,_xlfn._xlws.FILTER('TABLETAS ESTUDIANTES'!$C$2:$K$1000,'TABLETAS ESTUDIANTES'!$B$2:$B$1000=$B24),_xlfn._xlws.FILTER('PORTATIL ESTUDIANTES'!$C$2:$K$1000,'PORTATIL ESTUDIANTES'!$B$2:$B$1000=$B24)),IFERROR(INDEX(_xlpm.res,_xlpm.n,_xlfn.SEQUENCE(1,9)),""))} -> 117495005407 | AH24: INSTITUCIÓN EDUCATIVA SAN GERARDO MARIA MAYELA - SEDE PRINCIPAL | AI24: Norcasia | AJ24: ENTIDAD TERRITORIAL | AK24: COMITÉ DE FOCALIZACION 2026 | AL24: 45030 | AM24: PORTÁTIL 14" HEWLETT PACKARD, PROBOOK 445 14 INCH G11 RYZEN 3 7335U - OC 148772 | AN24: 1 | AO24: 5CD5320LGS
A25: Línea 2 — EE vinculados a Educación Superior | B25: 21879 | C25: Caldas | D25: CALDAS | E25: 17495 | F25: Norcasia | G25: 117495005407 | H25: INSTITUCION EDUCATIVA SAN GERARDO MARIA MAYELA | I25: 117495005407 | J25: INSTITUCIÓN EDUCATIVA SAN GERARDO MARIA MAYELA - SEDE PRINCIPAL | K25: URBANA | L25: 1 | M25: - | N25: ADRIANA MARÍA MEJIA | O25: 24716677 | P25: MADRE | Q25: Nueva esperanza bloque 4 apartamento 503 | R25: 3206226041 | S25: luizafer_815@hotmail.com | T25: 1128625906 | U25: MIGUEL | V25: ANGEL | W25: TRUJILLO | X25: MEJIA | Z25: 40212 | AA25: 16 | AB25: M | AC25: 11 | AD25: mejiaquintero884@gmail.com | AF25: Despacho Programado | AG25: {=_xlfn.LET(_xlpm.n,COUNTIFS($B$2:$B25,$B25,$M$2:$M25,$M25),_xlpm.res,IF($M25=1,_xlfn._xlws.FILTER('TABLETAS ESTUDIANTES'!$C$2:$K$1000,'TABLETAS ESTUDIANTES'!$B$2:$B$1000=$B25),_xlfn._xlws.FILTER('PORTATIL ESTUDIANTES'!$C$2:$K$1000,'PORTATIL ESTUDIANTES'!$B$2:$B$1000=$B25)),IFERROR(INDEX(_xlpm.res,_xlpm.n,_xlfn.SEQUENCE(1,9)),""))} -> 117495005407 | AH25: INSTITUCIÓN EDUCATIVA SAN GERARDO MARIA MAYELA - SEDE PRINCIPAL | AI25: Norcasia | AJ25: ENTIDAD TERRITORIAL | AK25: COMITÉ DE FOCALIZACION 2026 | AL25: 45030 | AM25: PORTÁTIL 14" HEWLETT PACKARD, PROBOOK 445 14 INCH G11 RYZEN 3 7335U - OC 148772 | AN25: 1 | AO25: 5CD5328V62
A26: Línea 2 — EE vinculados a Educación Superior | B26: 21879 | C26: Caldas | D26: CALDAS | E26: 17495 | F26: Norcasia | G26: 117495005407 | H26: INSTITUCION EDUCATIVA SAN GERARDO MARIA MAYELA | I26: 117495005407 | J26: INSTITUCIÓN EDUCATIVA SAN GERARDO MARIA MAYELA - SEDE PRINCIPAL | K26: URBANA | L26: 1 | M26: - | N26: MERCEDES BERMUDEZ | O26: 1128624528 | P26: MADRE | Q26: BARRIO MARISOL MANRIQUE ETAPA 2 - CASA #21 | R26: 3137555728 | S26: luizafer_815@hotmail.com | T26: 1128625749 | U26: OSCAR | V26: DAVID | W26: ROA | X26: BERMUDEZ | Z26: 40064 | AA26: 16 | AB26: M | AC26: 11 | AD26: roabermudezoscardavid@gmail.com | AF26: Despacho Programado | AG26: {=_xlfn.LET(_xlpm.n,COUNTIFS($B$2:$B26,$B26,$M$2:$M26,$M26),_xlpm.res,IF($M26=1,_xlfn._xlws.FILTER('TABLETAS ESTUDIANTES'!$C$2:$K$1000,'TABLETAS ESTUDIANTES'!$B$2:$B$1000=$B26),_xlfn._xlws.FILTER('PORTATIL ESTUDIANTES'!$C$2:$K$1000,'PORTATIL ESTUDIANTES'!$B$2:$B$1000=$B26)),IFERROR(INDEX(_xlpm.res,_xlpm.n,_xlfn.SEQUENCE(1,9)),""))} -> 117495005407 | AH26: INSTITUCIÓN EDUCATIVA SAN GERARDO MARIA MAYELA - SEDE PRINCIPAL | AI26: Norcasia | AJ26: ENTIDAD TERRITORIAL | AK26: COMITÉ DE FOCALIZACION 2026 | AL26: 45030 | AM26: PORTÁTIL 14" HEWLETT PACKARD, PROBOOK 445 14 INCH G11 RYZEN 3 7335U - OC 148772 | AN26: 1 | AO26: 5CD5320LFT
A27: Línea 2 — EE vinculados a Educación Superior | B27: 21879 | C27: Caldas | D27: CALDAS | E27: 17495 | F27: Norcasia | G27: 117495005407 | H27: INSTITUCION EDUCATIVA SAN GERARDO MARIA MAYELA | I27: 117495005407 | J27: INSTITUCIÓN EDUCATIVA SAN GERARDO MARIA MAYELA - SEDE PRINCIPAL | K27: URBANA | L27: 1 | M27: - | N27: YENSY LORENA ARANGO GARCIA | O27: 1128625036 | P27: MADRE | Q27: Norcasia | R27: 3207510483 | S27: luizafer_815@hotmail.com | T27: 1128626485 | U27: ISABELA | V27: 0 | W27: FRANCO | X27: ARANGO | Z27: 7/23/2009 | AA27: 16 | AB27: F | AC27: 11 | AD27: francoisabela38@gmail.com | AF27: Despacho Programado | AG27: {=_xlfn.LET(_xlpm.n,COUNTIFS($B$2:$B27,$B27,$M$2:$M27,$M27),_xlpm.res,IF($M27=1,_xlfn._xlws.FILTER('TABLETAS ESTUDIANTES'!$C$2:$K$1000,'TABLETAS ESTUDIANTES'!$B$2:$B$1000=$B27),_xlfn._xlws.FILTER('PORTATIL ESTUDIANTES'!$C$2:$K$1000,'PORTATIL ESTUDIANTES'!$B$2:$B$1000=$B27)),IFERROR(INDEX(_xlpm.res,_xlpm.n,_xlfn.SEQUENCE(1,9)),""))} -> 117495005407 | AH27: INSTITUCIÓN EDUCATIVA SAN GERARDO MARIA MAYELA - SEDE PRINCIPAL | AI27: Norcasia | AJ27: ENTIDAD TERRITORIAL | AK27: COMITÉ DE FOCALIZACION 2026 | AL27: 45030 | AM27: PORTÁTIL 14" HEWLETT PACKARD, PROBOOK 445 14 INCH G11 RYZEN 3 7335U - OC 148772 | AN27: 1 | AO27: 5CD5328V4X
A28: Línea 2 — EE vinculados a Educación Superior | B28: 21879 | C28: Caldas | D28: CALDAS | E28: 17495 | F28: Norcasia | G28: 117495005407 | H28: INSTITUCION EDUCATIVA SAN GERARDO MARIA MAYELA | I28: 117495005407 | J28: INSTITUCIÓN EDUCATIVA SAN GERARDO MARIA MAYELA - SEDE PRINCIPAL | K28: URBANA | L28: 1 | M28: - | N28: ANGELA YINETH PEREZ CASALLAS | O28: 1010197892 | P28: MADRE | Q28: La variante finca la joya | R28: 3113919512 | S28: luizafer_815@hotmail.com | T28: 1028887846 | U28: ANA | V28: SOFIA | W28: HENAO | X28: PEREZ | Z28: 7/13/2009 | AA28: 16 | AB28: F | AC28: 11 | AD28: anasofiahenao1309@gmail.com | AF28: Despacho Programado | AG28: {=_xlfn.LET(_xlpm.n,COUNTIFS($B$2:$B28,$B28,$M$2:$M28,$M28),_xlpm.res,IF($M28=1,_xlfn._xlws.FILTER('TABLETAS ESTUDIANTES'!$C$2:$K$1000,'TABLETAS ESTUDIANTES'!$B$2:$B$1000=$B28),_xlfn._xlws.FILTER('PORTATIL ESTUDIANTES'!$C$2:$K$1000,'PORTATIL ESTUDIANTES'!$B$2:$B$1000=$B28)),IFERROR(INDEX(_xlpm.res,_xlpm.n,_xlfn.SEQUENCE(1,9)),""))} -> 117495005407 | AH28: INSTITUCIÓN EDUCATIVA SAN GERARDO MARIA MAYELA - SEDE PRINCIPAL | AI28: Norcasia | AJ28: ENTIDAD TERRITORIAL | AK28: COMITÉ DE FOCALIZACION 2026 | AL28: 45030 | AM28: PORTÁTIL 14" HEWLETT PACKARD, PROBOOK 445 14 INCH G11 RYZEN 3 7335U - OC 148772 | AN28: 1 | AO28: 5CD53276QB
A29: Línea 2 — EE vinculados a Educación Superior | B29: 21879 | C29: Caldas | D29: CALDAS | E29: 17495 | F29: Norcasia | G29: 117495005407 | H29: INSTITUCION EDUCATIVA SAN GERARDO MARIA MAYELA | I29: 117495005407 | J29: INSTITUCIÓN EDUCATIVA SAN GERARDO MARIA MAYELA - SEDE PRINCIPAL | K29: URBANA | L29: 1 | M29: - | N29: ADRIANA ROA HERRERA | O29: 20830406 | P29: MADRE | Q29: Carrera 5 # 10-21 | R29: 3137950163 | S29: luizafer_815@hotmail.com | T29: 1054554897 | U29: DAVID | V29: SANTIAGO | W29: HERRERA | X29: ROA | Z29: 40153 | AA29: 16 | AB29: M | AC29: 11 | AD29: cmhr20113147709606@gmail.com | AF29: Despacho Programado | AG29: {=_xlfn.LET(_xlpm.n,COUNTIFS($B$2:$B29,$B29,$M$2:$M29,$M29),_xlpm.res,IF($M29=1,_xlfn._xlws.FILTER('TABLETAS ESTUDIANTES'!$C$2:$K$1000,'TABLETAS ESTUDIANTES'!$B$2:$B$1000=$B29),_xlfn._xlws.FILTER('PORTATIL ESTUDIANTES'!$C$2:$K$1000,'PORTATIL ESTUDIANTES'!$B$2:$B$1000=$B29)),IFERROR(INDEX(_xlpm.res,_xlpm.n,_xlfn.SEQUENCE(1,9)),""))} -> 117495005407 | AH29: INSTITUCIÓN EDUCATIVA SAN GERARDO MARIA MAYELA - SEDE PRINCIPAL | AI29: Norcasia | AJ29: ENTIDAD TERRITORIAL | AK29: COMITÉ DE FOCALIZACION 2026 | AL29: 45030 | AM29: PORTÁTIL 14" HEWLETT PACKARD, PROBOOK 445 14 INCH G11 RYZEN 3 7335U - OC 148772 | AN29: 1 | AO29: 5CD5320L80
A30: Línea 2 — EE vinculados a Educación Superior | B30: 21879 | C30: Caldas | D30: CALDAS | E30: 17495 | F30: Norcasia | G30: 117495005407 | H30: INSTITUCION EDUCATIVA SAN GERARDO MARIA MAYELA | I30: 117495005407 | J30: INSTITUCIÓN EDUCATIVA SAN GERARDO MARIA MAYELA - SEDE PRINCIPAL | K30: URBANA | L30: 1 | M30: - | N30: JENNY PATRICIA OLIVARES | O30: 30351725 | P30: MADRE | Q30: Barrio: Marisol Manrique, apto: 403, bloque: 4 | R30: 3235407721 | S30: luizafer_815@hotmail.com | T30: 1128625806 | U30: SARAY | V30: LINEY | W30: GARCIA | X30: OLIVARES | Z30: 10/31/2009 | AA30: 16 | AB30: F | AC30: 11 | AD30: lineygarcia032@gmail.com | AF30: Despacho Programado | AG30: {=_xlfn.LET(_xlpm.n,COUNTIFS($B$2:$B30,$B30,$M$2:$M30,$M30),_xlpm.res,IF($M30=1,_xlfn._xlws.FILTER('TABLETAS ESTUDIANTES'!$C$2:$K$1000,'TABLETAS ESTUDIANTES'!$B$2:$B$1000=$B30),_xlfn._xlws.FILTER('PORTATIL ESTUDIANTES'!$C$2:$K$1000,'PORTATIL ESTUDIANTES'!$B$2:$B$1000=$B30)),IFERROR(INDEX(_xlpm.res,_xlpm.n,_xlfn.SEQUENCE(1,9)),""))} -> 117495005407 | AH30: INSTITUCIÓN EDUCATIVA SAN GERARDO MARIA MAYELA - SEDE PRINCIPAL | AI30: Norcasia | AJ30: ENTIDAD TERRITORIAL | AK30: COMITÉ DE FOCALIZACION 2026 | AL30: 45030 | AM30: PORTÁTIL 14" HEWLETT PACKARD, PROBOOK 445 14 INCH G11 RYZEN 3 7335U - OC 148772 | AN30: 1 | AO30: 5CD5328TY5
A31: Línea 2 — EE vinculados a Educación Superior | B31: 21879 | C31: Caldas | D31: CALDAS | E31: 17495 | F31: Norcasia | G31: 117495005407 | H31: INSTITUCION EDUCATIVA SAN GERARDO MARIA MAYELA | I31: 117495005407 | J31: INSTITUCIÓN EDUCATIVA SAN GERARDO MARIA MAYELA - SEDE PRINCIPAL | K31: URBANA | L31: 1 | M31: - | N31: ANA MILENA MORENO GARZON | O31: 52763768 | P31: MADRE | Q31: calle 14 #5-20 | R31: 3103951780 | S31: luizafer_815@hotmail.com | T31: 1128628149 | U31: HABINSON | V31: MIGUEL | W31: LOPEZ | X31: MORENO | Z31: 8/22/2009 | AA31: 16 | AB31: M | AC31: 11 | AD31: habinson22@gmail.com | AF31: Despacho Programado | AG31: {=_xlfn.LET(_xlpm.n,COUNTIFS($B$2:$B31,$B31,$M$2:$M31,$M31),_xlpm.res,IF($M31=1,_xlfn._xlws.FILTER('TABLETAS ESTUDIANTES'!$C$2:$K$1000,'TABLETAS ESTUDIANTES'!$B$2:$B$1000=$B31),_xlfn._xlws.FILTER('PORTATIL ESTUDIANTES'!$C$2:$K$1000,'PORTATIL ESTUDIANTES'!$B$2:$B$1000=$B31)),IFERROR(INDEX(_xlpm.res,_xlpm.n,_xlfn.SEQUENCE(1,9)),""))} -> 117495005407 | AH31: INSTITUCIÓN EDUCATIVA SAN GERARDO MARIA MAYELA - SEDE PRINCIPAL | AI31: Norcasia | AJ31: ENTIDAD TERRITORIAL | AK31: COMITÉ DE FOCALIZACION 2026 | AL31: 45030 | AM31: PORTÁTIL 14" HEWLETT PACKARD, PROBOOK 445 14 INCH G11 RYZEN 3 7335U - OC 148772 | AN31: 1 | AO31: 5CD532941L
A32: Línea 2 — EE vinculados a Educación Superior | B32: 21879 | C32: Caldas | D32: CALDAS | E32: 17495 | F32: Norcasia | G32: 117495005407 | H32: INSTITUCION EDUCATIVA SAN GERARDO MARIA MAYELA | I32: 117495005407 | J32: INSTITUCIÓN EDUCATIVA SAN GERARDO MARIA MAYELA - SEDE PRINCIPAL | K32: URBANA | L32: - | M32: 1 | N32: FRANCY YURLEY BETANCURT PEÑA | O32: 1128626243 | P32: MADRE | Q32: Vereda Montebello | R32: 3234821188 | S32: luizafer_815@hotmail.com | T32: 1128625920 | U32: JHOAN | V32: ALEXIS | W32: VILLAMIL | X32: BETANCURT | Z32: 2/15/2010 | AA32: 16 | AB32: M | AC32: 11 | AD32: jhoanv846@gmail.com | AF32: Despacho Programado | AG32: {=_xlfn.LET(_xlpm.n,COUNTIFS($B$2:$B32,$B32,$M$2:$M32,$M32),_xlpm.res,IF($M32=1,_xlfn._xlws.FILTER('TABLETAS ESTUDIANTES'!$C$2:$K$1000,'TABLETAS ESTUDIANTES'!$B$2:$B$1000=$B32),_xlfn._xlws.FILTER('PORTATIL ESTUDIANTES'!$C$2:$K$1000,'PORTATIL ESTUDIANTES'!$B$2:$B$1000=$B32)),IFERROR(INDEX(_xlpm.res,_xlpm.n,_xlfn.SEQUENCE(1,9)),""))} -> 117495005407 | AH32: INSTITUCIÓN EDUCATIVA SAN GERARDO MARIA MAYELA - SEDE PRINCIPAL | AI32: Norcasia | AJ32: ENTIDAD TERRITORIAL | AK32: COMITÉ DE FOCALIZACION 2026 | AL32: 45053 | AM32: BT TABLETA LENOVO IDEA TAB PRO CTO 158-25 | AN32: 1 | AO32: HA2HFAY6
A33: Línea 2 — EE vinculados a Educación Superior | B33: 21879 | C33: Caldas | D33: CALDAS | E33: 17495 | F33: Norcasia | G33: 117495005407 | H33: INSTITUCION EDUCATIVA SAN GERARDO MARIA MAYELA | I33: 117495005407 | J33: INSTITUCIÓN EDUCATIVA SAN GERARDO MARIA MAYELA - SEDE PRINCIPAL | K33: URBANA | L33: - | M33: 1 | N33: JOSE ARNULFO FLOREZ RINCON | O33: 79829558 | P33: PADRE | Q33: Poblado bajo | R33: 3057105273 | S33: luizafer_815@hotmail.com | T33: 1023386761 | U33: PAULA | V33: VALENTINA | W33: FLOREZ | X33: REYES | Z33: 11/22/2009 | AA33: 16 | AB33: F | AC33: 11 | AD33: valenfloreyes@gmail.com | AF33: Despacho Programado | AG33: {=_xlfn.LET(_xlpm.n,COUNTIFS($B$2:$B33,$B33,$M$2:$M33,$M33),_xlpm.res,IF($M33=1,_xlfn._xlws.FILTER('TABLETAS ESTUDIANTES'!$C$2:$K$1000,'TABLETAS ESTUDIANTES'!$B$2:$B$1000=$B33),_xlfn._xlws.FILTER('PORTATIL ESTUDIANTES'!$C$2:$K$1000,'PORTATIL ESTUDIANTES'!$B$2:$B$1000=$B33)),IFERROR(INDEX(_xlpm.res,_xlpm.n,_xlfn.SEQUENCE(1,9)),""))} -> 117495005407 | AH33: INSTITUCIÓN EDUCATIVA SAN GERARDO MARIA MAYELA - SEDE PRINCIPAL | AI33: Norcasia | AJ33: ENTIDAD TERRITORIAL | AK33: COMITÉ DE FOCALIZACION 2026 | AL33: 45053 | AM33: BT TABLETA LENOVO IDEA TAB PRO CTO 158-25 | AN33: 1 | AO33: HA2HGR1X
A34: Línea 2 — EE vinculados a Educación Superior | B34: 21879 | C34: Caldas | D34: CALDAS | E34: 17495 | F34: Norcasia | G34: 117495005407 | H34: INSTITUCION EDUCATIVA SAN GERARDO MARIA MAYELA | I34: 117495005407 | J34: INSTITUCIÓN EDUCATIVA SAN GERARDO MARIA MAYELA - SEDE PRINCIPAL | K34: URBANA | L34: - | M34: 1 | N34: YUDY ESNEY LONDOÑO PEÑA | O34: 1128624760 | P34: MADRE | Q34: Cra7#6-24 | R34: 3103665111 | S34: luizafer_815@hotmail.com | T34: 1054556667 | U34: ISABEL | V34: CRISTINA | W34: GOMEZ | X34: LONDOÃ‘O | Z34: 40213 | AA34: 15 | AB34: F | AC34: 11 | AD34: isabelgomezlondono2@hotmail.com | AF34: Despacho Programado | AG34: {=_xlfn.LET(_xlpm.n,COUNTIFS($B$2:$B34,$B34,$M$2:$M34,$M34),_xlpm.res,IF($M34=1,_xlfn._xlws.FILTER('TABLETAS ESTUDIANTES'!$C$2:$K$1000,'TABLETAS ESTUDIANTES'!$B$2:$B$1000=$B34),_xlfn._xlws.FILTER('PORTATIL ESTUDIANTES'!$C$2:$K$1000,'PORTATIL ESTUDIANTES'!$B$2:$B$1000=$B34)),IFERROR(INDEX(_xlpm.res,_xlpm.n,_xlfn.SEQUENCE(1,9)),""))} -> 117495005407 | AH34: INSTITUCIÓN EDUCATIVA SAN GERARDO MARIA MAYELA - SEDE PRINCIPAL | AI34: Norcasia | AJ34: ENTIDAD TERRITORIAL | AK34: COMITÉ DE FOCALIZACION 2026 | AL34: 45053 | AM34: BT TABLETA LENOVO IDEA TAB PRO CTO 158-25 | AN34: 1 | AO34: HA2HFN54
A35: Línea 2 — EE vinculados a Educación Superior | B35: 33116 | C35: Caldas | D35: CALDAS | E35: 17513 | F35: Pácora | G35: 117513000558 | H35: INSTITUCION EDUCATIVA MARCO FIDEL SUAREZ | I35: 117513000558 | J35: INSTITUCION EDUCATIVA MARCO FIDEL SUAREZ - SEDE PRINCIPAL | K35: URBANA | L35: - | M35: 1 | N35: JENNIFER MARCELA REYES RODRIGUEZ | O35: 1049620960 | P35: MADRE | Q35: Carrera 2 N. 5-35 | R35: 3204563976 | S35: luizafer_815@hotmail.com | T35: 1150435210 | U35: MARIANA | V35: SOPHIA | W35: BECERRA | X35: REYES | Z35: 39910 | AA35: 16 | AB35: F | AC35: 11 | AD35: marcrey864@gmail.com | AF35: Despacho Programado | AG35: {=_xlfn.LET(_xlpm.n,COUNTIFS($B$2:$B35,$B35,$M$2:$M35,$M35),_xlpm.res,IF($M35=1,_xlfn._xlws.FILTER('TABLETAS ESTUDIANTES'!$C$2:$K$1000,'TABLETAS ESTUDIANTES'!$B$2:$B$1000=$B35),_xlfn._xlws.FILTER('PORTATIL ESTUDIANTES'!$C$2:$K$1000,'PORTATIL ESTUDIANTES'!$B$2:$B$1000=$B35)),IFERROR(INDEX(_xlpm.res,_xlpm.n,_xlfn.SEQUENCE(1,9)),""))} -> 117513000558 | AH35: INSTITUCION EDUCATIVA MARCO FIDEL SUAREZ - SEDE PRINCIPAL | AI35: Pácora | AJ35: ENTIDAD TERRITORIAL | AK35: COMITÉ DE FOCALIZACION 2026 | AL35: 45053 | AM35: BT TABLETA LENOVO IDEA TAB PRO CTO 158-25 | AN35: 1 | AO35: HA2HE653
A36: Línea 2 — EE vinculados a Educación Superior | B36: 84717 | C36: Caldas | D36: CALDAS | E36: 17541 | F36: Pensilvania | G36: 217541001360 | H36: INSTITUCION EDUCATIVA CAMILO OLIMPO CARDONA | I36: 217541001360 | J36: INSTITUCION EDUCATIVA CAMILO OLIMPO CARDONA - SEDE PRINCIPAL | K36: RURAL | L36: - | M36: 1 | N36: ROSALBA QUICENO JARAMILLO | O36: 33745247 | P36: MADRE | Q36: El Higueron | R36: 3116476363 | S36: luizafer_815@hotmail.com | T36: 1054870602 | U36: DIANA | V36: SOFIA | W36: MURILLO | X36: QUICENO | Z36: 40091 | AA36: 16 | AB36: F | AC36: 11 | AD36: murillosofi2009@gmail.com | AF36: Despacho Programado | AG36: {=_xlfn.LET(_xlpm.n,COUNTIFS($B$2:$B36,$B36,$M$2:$M36,$M36),_xlpm.res,IF($M36=1,_xlfn._xlws.FILTER('TABLETAS ESTUDIANTES'!$C$2:$K$1000,'TABLETAS ESTUDIANTES'!$B$2:$B$1000=$B36),_xlfn._xlws.FILTER('PORTATIL ESTUDIANTES'!$C$2:$K$1000,'PORTATIL ESTUDIANTES'!$B$2:$B$1000=$B36)),IFERROR(INDEX(_xlpm.res,_xlpm.n,_xlfn.SEQUENCE(1,9)),""))} -> 217541001360 | AH36: INSTITUCION EDUCATIVA CAMILO OLIMPO CARDONA - SEDE PRINCIPAL | AI36: Pensilvania | AJ36: ENTIDAD TERRITORIAL | AK36: COMITÉ DE FOCALIZACION 2026 | AL36: 45053 | AM36: BT TABLETA LENOVO IDEA TAB PRO CTO 158-25 | AN36: 1 | AO36: HA2HGSGZ
A37: Línea 2 — EE vinculados a Educación Superior | B37: 84717 | C37: Caldas | D37: CALDAS | E37: 17541 | F37: Pensilvania | G37: 217541001360 | H37: INSTITUCION EDUCATIVA CAMILO OLIMPO CARDONA | I37: 217541001360 | J37: INSTITUCION EDUCATIVA CAMILO OLIMPO CARDONA - SEDE PRINCIPAL | K37: RURAL | L37: - | M37: 1 | N37: LADY JOHANA JIMÉNEZ GONZÁLEZ | O37: 1057782107 | P37: MADRE | Q37: La soledad | R37: 3128970837 | S37: luizafer_815@hotmail.com | T37: 1054870861 | U37: KAROL | V37: XIMENA | W37: QUINTERO | X37: JIMENEZ | Z37: 40062 | AA37: 16 | AB37: F | AC37: 11 | AD37: karolquinterojimenez5@gmail.com | AF37: Despacho Programado | AG37: {=_xlfn.LET(_xlpm.n,COUNTIFS($B$2:$B37,$B37,$M$2:$M37,$M37),_xlpm.res,IF($M37=1,_xlfn._xlws.FILTER('TABLETAS ESTUDIANTES'!$C$2:$K$1000,'TABLETAS ESTUDIANTES'!$B$2:$B$1000=$B37),_xlfn._xlws.FILTER('PORTATIL ESTUDIANTES'!$C$2:$K$1000,'PORTATIL ESTUDIANTES'!$B$2:$B$1000=$B37)),IFERROR(INDEX(_xlpm.res,_xlpm.n,_xlfn.SEQUENCE(1,9)),""))} -> 217541001360 | AH37: INSTITUCION EDUCATIVA CAMILO OLIMPO CARDONA - SEDE PRINCIPAL | AI37: Pensilvania | AJ37: ENTIDAD TERRITORIAL | AK37: COMITÉ DE FOCALIZACION 2026 | AL37: 45053 | AM37: BT TABLETA LENOVO IDEA TAB PRO CTO 158-25 | AN37: 1 | AO37: HA2HEC5J
A38: Línea 2 — EE vinculados a Educación Superior | B38: 84717 | C38: Caldas | D38: CALDAS | E38: 17541 | F38: Pensilvania | G38: 217541001360 | H38: INSTITUCION EDUCATIVA CAMILO OLIMPO CARDONA | I38: 217541001360 | J38: INSTITUCION EDUCATIVA CAMILO OLIMPO CARDONA - SEDE PRINCIPAL | K38: RURAL | L38: - | M38: 1 | N38: LUZ LILIANA ALARCON LÓPEZ | O38: 1010084314 | P38: MADRE | Q38: vereda Barreto | R38: 3223952614 | S38: luizafer_815@hotmail.com | T38: 1161213361 | U38: YENNI | V38: MARELVI | W38: REYES | X38: ALARCON | Z38: 2/26/2009 | AA38: 17 | AB38: F | AC38: 11 | AD38: yennireyes084@gmail.com | AF38: Despacho Programado | AG38: {=_xlfn.LET(_xlpm.n,COUNTIFS($B$2:$B38,$B38,$M$2:$M38,$M38),_xlpm.res,IF($M38=1,_xlfn._xlws.FILTER('TABLETAS ESTUDIANTES'!$C$2:$K$1000,'TABLETAS ESTUDIANTES'!$B$2:$B$1000=$B38),_xlfn._xlws.FILTER('PORTATIL ESTUDIANTES'!$C$2:$K$1000,'PORTATIL ESTUDIANTES'!$B$2:$B$1000=$B38)),IFERROR(INDEX(_xlpm.res,_xlpm.n,_xlfn.SEQUENCE(1,9)),""))} -> 217541001360 | AH38: INSTITUCION EDUCATIVA CAMILO OLIMPO CARDONA - SEDE PRINCIPAL | AI38: Pensilvania | AJ38: ENTIDAD TERRITORIAL | AK38: COMITÉ DE FOCALIZACION 2026 | AL38: 45053 | AM38: BT TABLETA LENOVO IDEA TAB PRO CTO 158-25 | AN38: 1 | AO38: HA2HEQ3G
A39: Línea 2 — EE vinculados a Educación Superior | B39: 84717 | C39: Caldas | D39: CALDAS | E39: 17541 | F39: Pensilvania | G39: 217541001360 | H39: INSTITUCION EDUCATIVA CAMILO OLIMPO CARDONA | I39: 217541001360 | J39: INSTITUCION EDUCATIVA CAMILO OLIMPO CARDONA - SEDE PRINCIPAL | K39: RURAL | L39: - | M39: 1 | N39: BLANCA LEDIS GALLEGO GUTIERREZ | O39: 24738327 | P39: MADRE | Q39: el higuerón | R39: 3123923709 | S39: luizafer_815@hotmail.com | T39: 1059119432 | U39: GERONIMO | V39: 0 | W39: JIMENEZ | X39: GALLEGO | Z39: 2/15/2009 | AA39: 17 | AB39: M | AC39: 11 | AD39: aaosoriov1@gmail.com | AF39: Despacho Programado | AG39: {=_xlfn.LET(_xlpm.n,COUNTIFS($B$2:$B39,$B39,$M$2:$M39,$M39),_xlpm.res,IF($M39=1,_xlfn._xlws.FILTER('TABLETAS ESTUDIANTES'!$C$2:$K$1000,'TABLETAS ESTUDIANTES'!$B$2:$B$1000=$B39),_xlfn._xlws.FILTER('PORTATIL ESTUDIANTES'!$C$2:$K$1000,'PORTATIL ESTUDIANTES'!$B$2:$B$1000=$B39)),IFERROR(INDEX(_xlpm.res,_xlpm.n,_xlfn.SEQUENCE(1,9)),""))} -> 217541001360 | AH39: INSTITUCION EDUCATIVA CAMILO OLIMPO CARDONA - SEDE PRINCIPAL | AI39: Pensilvania | AJ39: ENTIDAD TERRITORIAL | AK39: COMITÉ DE FOCALIZACION 2026 | AL39: 45053 | AM39: BT TABLETA LENOVO IDEA TAB PRO CTO 158-25 | AN39: 1 | AO39: HA2HFC12
A40: Línea 2 — EE vinculados a Educación Superior | B40: 84717 | C40: Caldas | D40: CALDAS | E40: 17541 | F40: Pensilvania | G40: 217541001360 | H40: INSTITUCION EDUCATIVA CAMILO OLIMPO CARDONA | I40: 217541001360 | J40: INSTITUCION EDUCATIVA CAMILO OLIMPO CARDONA - SEDE PRINCIPAL | K40: RURAL | L40: - | M40: 1 | N40: SANTOS REYES CARRILLO | O40: 9496622 | P40: PADRE | Q40: Vereda barreto | R40: 3169947563 | S40: luizafer_815@hotmail.com | T40: 1055552513 | U40: GRICELDA | V40: JASSBLEIDY | W40: REYES | X40: TORRES | Z40: 4/16/2010 | AA40: 15 | AB40: F | AC40: 11 | AD40: aaosoriov1@gmail.com | AF40: Despacho Programado | AG40: {=_xlfn.LET(_xlpm.n,COUNTIFS($B$2:$B40,$B40,$M$2:$M40,$M40),_xlpm.res,IF($M40=1,_xlfn._xlws.FILTER('TABLETAS ESTUDIANTES'!$C$2:$K$1000,'TABLETAS ESTUDIANTES'!$B$2:$B$1000=$B40),_xlfn._xlws.FILTER('PORTATIL ESTUDIANTES'!$C$2:$K$1000,'PORTATIL ESTUDIANTES'!$B$2:$B$1000=$B40)),IFERROR(INDEX(_xlpm.res,_xlpm.n,_xlfn.SEQUENCE(1,9)),""))} -> 217541001360 | AH40: INSTITUCION EDUCATIVA CAMILO OLIMPO CARDONA - SEDE PRINCIPAL | AI40: Pensilvania | AJ40: ENTIDAD TERRITORIAL | AK40: COMITÉ DE FOCALIZACION 2026 | AL40: 45053 | AM40: BT TABLETA LENOVO IDEA TAB PRO CTO 158-25 | AN40: 1 | AO40: HA2HFB0X
A41: Línea 2 — EE vinculados a Educación Superior | B41: 84717 | C41: Caldas | D41: CALDAS | E41: 17541 | F41: Pensilvania | G41: 217541001360 | H41: INSTITUCION EDUCATIVA CAMILO OLIMPO CARDONA | I41: 217541001360 | J41: INSTITUCION EDUCATIVA CAMILO OLIMPO CARDONA - SEDE PRINCIPAL | K41: RURAL | L41: - | M41: 1 | N41: SANTOS REYES CARRILLO | O41: 9496622 | P41: PADRE | Q41: vereda Barreto | R41: 3169947563 | S41: luizafer_815@hotmail.com | T41: 1055552178 | U41: JEFERSON | V41: DANIEL | W41: REYES | X41: TORRES | Z41: 2/14/2009 | AA41: 17 | AB41: M | AC41: 11 | AD41: aaosoriov1@gmail.com | AF41: Despacho Programado | AG41: {=_xlfn.LET(_xlpm.n,COUNTIFS($B$2:$B41,$B41,$M$2:$M41,$M41),_xlpm.res,IF($M41=1,_xlfn._xlws.FILTER('TABLETAS ESTUDIANTES'!$C$2:$K$1000,'TABLETAS ESTUDIANTES'!$B$2:$B$1000=$B41),_xlfn._xlws.FILTER('PORTATIL ESTUDIANTES'!$C$2:$K$1000,'PORTATIL ESTUDIANTES'!$B$2:$B$1000=$B41)),IFERROR(INDEX(_xlpm.res,_xlpm.n,_xlfn.SEQUENCE(1,9)),""))} -> 217541001360 | AH41: INSTITUCION EDUCATIVA CAMILO OLIMPO CARDONA - SEDE PRINCIPAL | AI41: Pensilvania | AJ41: ENTIDAD TERRITORIAL | AK41: COMITÉ DE FOCALIZACION 2026 | AL41: 45053 | AM41: BT TABLETA LENOVO IDEA TAB PRO CTO 158-25 | AN41: 1 | AO41: HA2HGSHJ
A42: Línea 2 — EE vinculados a Educación Superior | B42: 83042 | C42: Caldas | D42: CALDAS | E42: 17541 | F42: Pensilvania | G42: 217541000673 | H42: INSTITUCION EDUCATIVA JOHN F. KENNEDY | I42: 217541000673 | J42: COLEGIO JHON F. KENNEDY | K42: RURAL | L42: - | M42: 1 | N42: ANDREA MORALES | O42: 33745896 | P42: MADRE | Q42: CORREGIMIENTO BOLIVIA LA SOLEDAD | R42: 3136387358 | S42: luizafer_815@hotmail.com | T42: 1054556004 | U42: KAREN | V42: 0 | W42: MORALES | X42: 0 | Z42: 39856 | AA42: 16 | AB42: F | AC42: 11 | AD42: Karenmo2009icloud@gmail.com | AF42: Despacho Programado | AG42: {=_xlfn.LET(_xlpm.n,COUNTIFS($B$2:$B42,$B42,$M$2:$M42,$M42),_xlpm.res,IF($M42=1,_xlfn._xlws.FILTER('TABLETAS ESTUDIANTES'!$C$2:$K$1000,'TABLETAS ESTUDIANTES'!$B$2:$B$1000=$B42),_xlfn._xlws.FILTER('PORTATIL ESTUDIANTES'!$C$2:$K$1000,'PORTATIL ESTUDIANTES'!$B$2:$B$1000=$B42)),IFERROR(INDEX(_xlpm.res,_xlpm.n,_xlfn.SEQUENCE(1,9)),""))} -> 217541000673 | AH42: COLEGIO JHON F. KENNEDY | AI42: Pensilvania | AJ42: ENTIDAD TERRITORIAL | AK42: COMITÉ DE FOCALIZACION 2026 | AL42: 45053 | AM42: BT TABLETA LENOVO IDEA TAB PRO CTO 158-25 | AN42: 1 | AO42: HA2HEA4N
A43: Línea 2 — EE vinculados a Educación Superior | B43: 83042 | C43: Caldas | D43: CALDAS | E43: 17541 | F43: Pensilvania | G43: 217541000673 | H43: INSTITUCION EDUCATIVA JOHN F. KENNEDY | I43: 217541000673 | J43: COLEGIO JHON F. KENNEDY | K43: RURAL | L43: - | M43: 1 | N43: LUZ YANETH VALENCIA LOPEZ | O43: 24731289 | P43: MADRE | Q43: CORREGIMIENTO BOLIVIA | R43: 3226054617 | S43: luizafer_815@hotmail.com | T43: 1057785114 | U43: ELIANA | V43: 0 | W43: VASQUEZ | X43: VALENCIA | Z43: 39971 | AA43: 16 | AB43: F | AC43: 11 | AD43: vasquezeliana90@gmail.com | AF43: Despacho Programado | AG43: {=_xlfn.LET(_xlpm.n,COUNTIFS($B$2:$B43,$B43,$M$2:$M43,$M43),_xlpm.res,IF($M43=1,_xlfn._xlws.FILTER('TABLETAS ESTUDIANTES'!$C$2:$K$1000,'TABLETAS ESTUDIANTES'!$B$2:$B$1000=$B43),_xlfn._xlws.FILTER('PORTATIL ESTUDIANTES'!$C$2:$K$1000,'PORTATIL ESTUDIANTES'!$B$2:$B$1000=$B43)),IFERROR(INDEX(_xlpm.res,_xlpm.n,_xlfn.SEQUENCE(1,9)),""))} -> 217541000673 | AH43: COLEGIO JHON F. KENNEDY | AI43: Pensilvania | AJ43: ENTIDAD TERRITORIAL | AK43: COMITÉ DE FOCALIZACION 2026 | AL43: 45053 | AM43: BT TABLETA LENOVO IDEA TAB PRO CTO 158-25 | AN43: 1 | AO43: HA2HE863
A44: Línea 2 — EE vinculados a Educación Superior | B44: 83042 | C44: Caldas | D44: CALDAS | E44: 17541 | F44: Pensilvania | G44: 217541000673 | H44: INSTITUCION EDUCATIVA JOHN F. KENNEDY | I44: 217541000673 | J44: COLEGIO JHON F. KENNEDY | K44: RURAL | L44: - | M44: 1 | N44: SORAIDA JARAMILLO GUTIERREZ | O44: 33745226 | P44: REPRESENTANTE_LEGAL | Q44: CORREGIMIENTO DE BOLIVIA | R44: 3108284150 | S44: luizafer_815@hotmail.com | T44: 1054873667 | U44: VALERIA | V44: 0 | W44: LOPEZ | X44: JARAMILLO | Z44: 40456 | AA44: 15 | AB44: F | AC44: 11 | AD44: lopezjaramillovaleria098@gmail.com | AF44: Despacho Programado | AG44: {=_xlfn.LET(_xlpm.n,COUNTIFS($B$2:$B44,$B44,$M$2:$M44,$M44),_xlpm.res,IF($M44=1,_xlfn._xlws.FILTER('TABLETAS ESTUDIANTES'!$C$2:$K$1000,'TABLETAS ESTUDIANTES'!$B$2:$B$1000=$B44),_xlfn._xlws.FILTER('PORTATIL ESTUDIANTES'!$C$2:$K$1000,'PORTATIL ESTUDIANTES'!$B$2:$B$1000=$B44)),IFERROR(INDEX(_xlpm.res,_xlpm.n,_xlfn.SEQUENCE(1,9)),""))} -> 217541000673 | AH44: COLEGIO JHON F. KENNEDY | AI44: Pensilvania | AJ44: ENTIDAD TERRITORIAL | AK44: COMITÉ DE FOCALIZACION 2026 | AL44: 45053 | AM44: BT TABLETA LENOVO IDEA TAB PRO CTO 158-25 | AN44: 1 | AO44: HA2HES8T
A45: Línea 2 — EE vinculados a Educación Superior | B45: 83042 | C45: Caldas | D45: CALDAS | E45: 17541 | F45: Pensilvania | G45: 217541000673 | H45: INSTITUCION EDUCATIVA JOHN F. KENNEDY | I45: 217541000673 | J45: COLEGIO JHON F. KENNEDY | K45: RURAL | L45: - | M45: 1 | N45: KELY JOHANA CIFUENTES AGUDELO | O45: 1058845626 | P45: MADRE | Q45: CORREGIMIENTO BOLIVIA | R45: 3208498116 | S45: luizafer_815@hotmail.com | T45: 1055047329 | U45: LAURA | V45: SOFIA | W45: GIRALDO | X45: CIFUENTES | Z45: 9/30/2009 | AA45: 16 | AB45: F | AC45: 11 | AD45: lauragiraldocifuentes13@gmail.com | AF45: Despacho Programado | AG45: {=_xlfn.LET(_xlpm.n,COUNTIFS($B$2:$B45,$B45,$M$2:$M45,$M45),_xlpm.res,IF($M45=1,_xlfn._xlws.FILTER('TABLETAS ESTUDIANTES'!$C$2:$K$1000,'TABLETAS ESTUDIANTES'!$B$2:$B$1000=$B45),_xlfn._xlws.FILTER('PORTATIL ESTUDIANTES'!$C$2:$K$1000,'PORTATIL ESTUDIANTES'!$B$2:$B$1000=$B45)),IFERROR(INDEX(_xlpm.res,_xlpm.n,_xlfn.SEQUENCE(1,9)),""))} -> 217541000673 | AH45: COLEGIO JHON F. KENNEDY | AI45: Pensilvania | AJ45: ENTIDAD TERRITORIAL | AK45: COMITÉ DE FOCALIZACION 2026 | AL45: 45053 | AM45: BT TABLETA LENOVO IDEA TAB PRO CTO 158-25 | AN45: 1 | AO45: HA2HGS2T
A46: Línea 2 — EE vinculados a Educación Superior | B46: 86476 | C46: Caldas | D46: CALDAS | E46: 17614 | F46: Riosucio | G46: 217614000928 | H46: INSTITUCION EDUCATIVA LA IBERIA | I46: 217614000928 | J46: INSTITUCION EDUCATIVA LA IBERIA - SEDE PRINCIPAL | K46: RURAL | L46: 1 | M46: - | N46: ZULAY YAMILE GUERRERO ROTAVISTA | O46: 1059704460 | P46: MADRE | Q46: VDA PULGARIN, RESGUARDO CAÑAMOMO LOMAPRIETA | R46: 3206242697 | S46: luizafer_815@hotmail.com | T46: 1059703125 | U46: FERLEYSON | V46: 0 | W46: GUERRERO | X46: ROTAVISTA | Z46: 5/25/2009 | AA46: 16 | AB46: M | AC46: 11 | AD46: ferleysonguerrero6@gmail.com | AF46: Despacho Programado | AG46: {=_xlfn.LET(_xlpm.n,COUNTIFS($B$2:$B46,$B46,$M$2:$M46,$M46),_xlpm.res,IF($M46=1,_xlfn._xlws.FILTER('TABLETAS ESTUDIANTES'!$C$2:$K$1000,'TABLETAS ESTUDIANTES'!$B$2:$B$1000=$B46),_xlfn._xlws.FILTER('PORTATIL ESTUDIANTES'!$C$2:$K$1000,'PORTATIL ESTUDIANTES'!$B$2:$B$1000=$B46)),IFERROR(INDEX(_xlpm.res,_xlpm.n,_xlfn.SEQUENCE(1,9)),""))} -> 217614000928 | AH46: INSTITUCION EDUCATIVA LA IBERIA - SEDE PRINCIPAL | AI46: Riosucio | AJ46: ENTIDAD TERRITORIAL | AK46: COMITÉ DE FOCALIZACION 2026 | AL46: 45030 | AM46: PORTÁTIL 14" HEWLETT PACKARD, PROBOOK 445 14 INCH G11 RYZEN 3 7335U - OC 148772 | AN46: 1 | AO46: 5CD532940G
A47: Línea 2 — EE vinculados a Educación Superior | B47: 86476 | C47: Caldas | D47: CALDAS | E47: 17614 | F47: Riosucio | G47: 217614000928 | H47: INSTITUCION EDUCATIVA LA IBERIA | I47: 217614000928 | J47: INSTITUCION EDUCATIVA LA IBERIA - SEDE PRINCIPAL | K47: RURAL | L47: 1 | M47: - | N47: ADELAIDA UCHIMA | O47: 30382644 | P47: MADRE | Q47: vda planadas | R47: 3165653969 | S47: luizafer_815@hotmail.com | T47: 1059703010 | U47: YENIFER | V47: ALEJANDRA | W47: BOLAÃ‘OS | X47: UCHIMA | Z47: 4/30/2009 | AA47: 16 | AB47: F | AC47: 11 | AD47: yenibolanos27@gmail.com | AF47: Despacho Programado | AG47: {=_xlfn.LET(_xlpm.n,COUNTIFS($B$2:$B47,$B47,$M$2:$M47,$M47),_xlpm.res,IF($M47=1,_xlfn._xlws.FILTER('TABLETAS ESTUDIANTES'!$C$2:$K$1000,'TABLETAS ESTUDIANTES'!$B$2:$B$1000=$B47),_xlfn._xlws.FILTER('PORTATIL ESTUDIANTES'!$C$2:$K$1000,'PORTATIL ESTUDIANTES'!$B$2:$B$1000=$B47)),IFERROR(INDEX(_xlpm.res,_xlpm.n,_xlfn.SEQUENCE(1,9)),""))} -> 217614000928 | AH47: INSTITUCION EDUCATIVA LA IBERIA - SEDE PRINCIPAL | AI47: Riosucio | AJ47: ENTIDAD TERRITORIAL | AK47: COMITÉ DE FOCALIZACION 2026 | AL47: 45030 | AM47: PORTÁTIL 14" HEWLETT PACKARD, PROBOOK 445 14 INCH G11 RYZEN 3 7335U - OC 148772 | AN47: 1 | AO47: 5CD53293N5
A48: Línea 2 — EE vinculados a Educación Superior | B48: 84728 | C48: Caldas | D48: CALDAS | E48: 17614 | F48: Riosucio | G48: 117614000711 | H48: INSTITUCION EDUCATIVA LOS FUNDADORES | I48: 117614000711 | J48: INSTITUCION EDUCATIVA LOS FUNDADORES - SEDE PRINCIPAL | K48: URBANA | L48: - | M48: 1 | N48: MARIA LUCERO AMAYA MAFLA | O48: 30413244 | P48: MADRE | Q48: Vereda la playa | R48: 3186274515 | S48: luizafer_815@hotmail.com | T48: 1059703091 | U48: ISABELA | V48: 0 | W48: LASSO | X48: AMAYA | Z48: 4/26/2009 | AA48: 16 | AB48: F | AC48: 11 | AD48: isabella.lasso.amaya2@gmail.com | AF48: Despacho Programado | AG48: {=_xlfn.LET(_xlpm.n,COUNTIFS($B$2:$B48,$B48,$M$2:$M48,$M48),_xlpm.res,IF($M48=1,_xlfn._xlws.FILTER('TABLETAS ESTUDIANTES'!$C$2:$K$1000,'TABLETAS ESTUDIANTES'!$B$2:$B$1000=$B48),_xlfn._xlws.FILTER('PORTATIL ESTUDIANTES'!$C$2:$K$1000,'PORTATIL ESTUDIANTES'!$B$2:$B$1000=$B48)),IFERROR(INDEX(_xlpm.res,_xlpm.n,_xlfn.SEQUENCE(1,9)),""))} -> 117614000711 | AH48: INSTITUCION EDUCATIVA LOS FUNDADORES - SEDE PRINCIPAL | AI48: Riosucio | AJ48: ENTIDAD TERRITORIAL | AK48: COMITÉ DE FOCALIZACION 2026 | AL48: 45053 | AM48: BT TABLETA LENOVO IDEA TAB PRO CTO 158-25 | AN48: 1 | AO48: HA2HFAZX
A49: Línea 2 — EE vinculados a Educación Superior | B49: 16909 | C49: Caldas | D49: CALDAS | E49: 17616 | F49: Risaralda | G49: 117616000696 | H49: INSTITUCION EDUCATIVA MARIA INMACULADA | I49: 117616000696 | J49: INSTITUCION EDUCATIVA MARIA INMACULADA - SEDE PRINCIPAL | K49: URBANA | L49: - | M49: 1 | N49: DIANA YANET VALENCIA AGUDELO | O49: 25081232 | P49: MADRE | Q49: Cra 3#12-36 | R49: 3137273939 | S49: luizafer_815@hotmail.com | T49: 1054399697 | U49: RAQUEL | V49: 0 | W49: SANCHEZ | X49: VALENCIA | Z49: 2/15/2010 | AA49: 16 | AB49: F | AC49: 11 | AD49: raquelsanchezvalencia5@gmail.com | AF49: Despacho Programado | AG49: {=_xlfn.LET(_xlpm.n,COUNTIFS($B$2:$B49,$B49,$M$2:$M49,$M49),_xlpm.res,IF($M49=1,_xlfn._xlws.FILTER('TABLETAS ESTUDIANTES'!$C$2:$K$1000,'TABLETAS ESTUDIANTES'!$B$2:$B$1000=$B49),_xlfn._xlws.FILTER('PORTATIL ESTUDIANTES'!$C$2:$K$1000,'PORTATIL ESTUDIANTES'!$B$2:$B$1000=$B49)),IFERROR(INDEX(_xlpm.res,_xlpm.n,_xlfn.SEQUENCE(1,9)),""))} -> 117616000696 | AH49: INSTITUCION EDUCATIVA MARIA INMACULADA - SEDE PRINCIPAL | AI49: Risaralda | AJ49: ENTIDAD TERRITORIAL | AK49: COMITÉ DE FOCALIZACION 2026 | AL49: HA2HGSSK | AM49: BT TABLETA LENOVO IDEA TAB PRO CTO 158-25 | AN49: 1 | AO49: HA2HES87
A50: Línea 2 — EE vinculados a Educación Superior | B50: 16909 | C50: Caldas | D50: CALDAS | E50: 17616 | F50: Risaralda | G50: 117616000696 | H50: INSTITUCION EDUCATIVA MARIA INMACULADA | I50: 117616000696 | J50: INSTITUCION EDUCATIVA MARIA INMACULADA - SEDE PRINCIPAL | K50: URBANA | L50: - | M50: 1 | N50: DANIELA BERMUDEZ | O50: 1059785423 | P50: MADRE | Q50: Carrera 3 # 7- 85 | R50: 3128996740 | S50: luizafer_815@hotmail.com | T50: 1058079025 | U50: MARIA | V50: CELESTE | W50: SARAZA | X50: BERMUDEZ | Z50: 10/31/2009 | AA50: 16 | AB50: F | AC50: 11 | AD50: dabeac2408@gmail.com | AF50: Despacho Programado | AG50: {=_xlfn.LET(_xlpm.n,COUNTIFS($B$2:$B50,$B50,$M$2:$M50,$M50),_xlpm.res,IF($M50=1,_xlfn._xlws.FILTER('TABLETAS ESTUDIANTES'!$C$2:$K$1000,'TABLETAS ESTUDIANTES'!$B$2:$B$1000=$B50),_xlfn._xlws.FILTER('PORTATIL ESTUDIANTES'!$C$2:$K$1000,'PORTATIL ESTUDIANTES'!$B$2:$B$1000=$B50)),IFERROR(INDEX(_xlpm.res,_xlpm.n,_xlfn.SEQUENCE(1,9)),""))} -> 117616000696 | AH50: INSTITUCION EDUCATIVA MARIA INMACULADA - SEDE PRINCIPAL | AI50: Risaralda | AJ50: ENTIDAD TERRITORIAL | AK50: COMITÉ DE FOCALIZACION 2026 | AL50: 45053 | AM50: BT TABLETA LENOVO IDEA TAB PRO CTO 158-25 | AN50: 1 | AO50: HA2HGSSK
A51: Línea 2 — EE vinculados a Educación Superior | B51: 10229 | C51: Caldas | D51: CALDAS | E51: 17653 | F51: Salamina | G51: 117653000647 | H51: INSTITUCION EDUCATIVA DE LA PRESENTACION | I51: 117653000647 | J51: INSTITUCION EDUCATIVA DE LA PRESENTACION - SEDE PRINCIPAL | K51: URBANA | L51: - | M51: 1 | N51: ANALIDA GONZALEZ OCAMPO | O51: 25101927 | P51: MADRE | Q51: Calle 4 A #1-22 | R51: 3216492472 | S51: luizafer_815@hotmail.com | T51: 1061279101 | U51: JERONIMO | V51: 0 | W51: SOTO | X51: GONZALEZ | Z51: 12/30/2008 | AA51: 17 | AB51: M | AC51: 11 | AD51: jeronimosotogz@gmail.com | AF51: Despacho Programado | AG51: {=_xlfn.LET(_xlpm.n,COUNTIFS($B$2:$B51,$B51,$M$2:$M51,$M51),_xlpm.res,IF($M51=1,_xlfn._xlws.FILTER('TABLETAS ESTUDIANTES'!$C$2:$K$1000,'TABLETAS ESTUDIANTES'!$B$2:$B$1000=$B51),_xlfn._xlws.FILTER('PORTATIL ESTUDIANTES'!$C$2:$K$1000,'PORTATIL ESTUDIANTES'!$B$2:$B$1000=$B51)),IFERROR(INDEX(_xlpm.res,_xlpm.n,_xlfn.SEQUENCE(1,9)),""))} -> 117653000647 | AH51: INSTITUCION EDUCATIVA DE LA PRESENTACION - SEDE PRINCIPAL | AI51: Salamina | AJ51: ENTIDAD TERRITORIAL | AK51: COMITÉ DE FOCALIZACION 2026 | AL51: 45053 | AM51: BT TABLETA LENOVO IDEA TAB PRO CTO 158-25 | AN51: 1 | AO51: HA2HGSH6
A52: Línea 2 — EE vinculados a Educación Superior | B52: 10229 | C52: Caldas | D52: CALDAS | E52: 17653 | F52: Salamina | G52: 117653000647 | H52: INSTITUCION EDUCATIVA DE LA PRESENTACION | I52: 117653000647 | J52: INSTITUCION EDUCATIVA DE LA PRESENTACION - SEDE PRINCIPAL | K52: URBANA | L52: - | M52: 1 | N52: ANGELA MARÍA CARDONA GOMEZ | O52: 25099501 | P52: MADRE | Q52: Carrera séptima 19 78 apartamento 102 | R52: 3116098762 | S52: luizafer_815@hotmail.com | T52: 1085719307 | U52: SOFIA | V52: 0 | W52: GOMEZ | X52: CARDONA | Z52: 11/15/2008 | AA52: 17 | AB52: F | AC52: 11 | AD52: sofiagomezcardona001@gmail.com | AF52: Despacho Programado | AG52: {=_xlfn.LET(_xlpm.n,COUNTIFS($B$2:$B52,$B52,$M$2:$M52,$M52),_xlpm.res,IF($M52=1,_xlfn._xlws.FILTER('TABLETAS ESTUDIANTES'!$C$2:$K$1000,'TABLETAS ESTUDIANTES'!$B$2:$B$1000=$B52),_xlfn._xlws.FILTER('PORTATIL ESTUDIANTES'!$C$2:$K$1000,'PORTATIL ESTUDIANTES'!$B$2:$B$1000=$B52)),IFERROR(INDEX(_xlpm.res,_xlpm.n,_xlfn.SEQUENCE(1,9)),""))} -> 117653000647 | AH52: INSTITUCION EDUCATIVA DE LA PRESENTACION - SEDE PRINCIPAL | AI52: Salamina | AJ52: ENTIDAD TERRITORIAL | AK52: COMITÉ DE FOCALIZACION 2026 | AL52: 45053 | AM52: BT TABLETA LENOVO IDEA TAB PRO CTO 158-25 | AN52: 1 | AO52: HA2HFZCX
A53: Línea 2 — EE vinculados a Educación Superior | B53: 10229 | C53: Caldas | D53: CALDAS | E53: 17653 | F53: Salamina | G53: 117653000647 | H53: INSTITUCION EDUCATIVA DE LA PRESENTACION | I53: 117653000647 | J53: INSTITUCION EDUCATIVA DE LA PRESENTACION - SEDE PRINCIPAL | K53: URBANA | L53: - | M53: 1 | N53: LUZ CLEMENCIA OSORIO RAMÍREZ | O53: 25101895 | P53: MADRE | Q53: Carrera 8 # 7 64 | R53: 3108219647 | S53: luizafer_815@hotmail.com | T53: 1059812733 | U53: ESTEBAN | V53: 0 | W53: OSORIO | X53: OSORIO | Z53: 12/28/2009 | AA53: 16 | AB53: M | AC53: 11 | AD53: osorioesteban897@gmail.com | AF53: Despacho Programado | AG53: {=_xlfn.LET(_xlpm.n,COUNTIFS($B$2:$B53,$B53,$M$2:$M53,$M53),_xlpm.res,IF($M53=1,_xlfn._xlws.FILTER('TABLETAS ESTUDIANTES'!$C$2:$K$1000,'TABLETAS ESTUDIANTES'!$B$2:$B$1000=$B53),_xlfn._xlws.FILTER('PORTATIL ESTUDIANTES'!$C$2:$K$1000,'PORTATIL ESTUDIANTES'!$B$2:$B$1000=$B53)),IFERROR(INDEX(_xlpm.res,_xlpm.n,_xlfn.SEQUENCE(1,9)),""))} -> 117653000647 | AH53: INSTITUCION EDUCATIVA DE LA PRESENTACION - SEDE PRINCIPAL | AI53: Salamina | AJ53: ENTIDAD TERRITORIAL | AK53: COMITÉ DE FOCALIZACION 2026 | AL53: 45053 | AM53: BT TABLETA LENOVO IDEA TAB PRO CTO 158-25 | AN53: 1 | AO53: HA2HEL54
A54: Línea 2 — EE vinculados a Educación Superior | B54: 10229 | C54: Caldas | D54: CALDAS | E54: 17653 | F54: Salamina | G54: 117653000647 | H54: INSTITUCION EDUCATIVA DE LA PRESENTACION | I54: 117653000647 | J54: INSTITUCION EDUCATIVA DE LA PRESENTACION - SEDE PRINCIPAL | K54: URBANA | L54: - | M54: 1 | N54: NELLY MEDINA FRANCO | O54: 25099743 | P54: REPRESENTANTE_LEGAL | Q54: CRA 8 #14-79 | R54: 3128105413 | S54: luizafer_815@hotmail.com | T54: 1061279489 | U54: MANUEL | V54: FERNANDO | W54: GONZALEZ | X54: GONZALEZ | Z54: 10/27/2010 | AA54: 15 | AB54: F | AC54: 11 | AD54: xm.manuel2005@gmail.com | AF54: Despacho Programado | AG54: {=_xlfn.LET(_xlpm.n,COUNTIFS($B$2:$B54,$B54,$M$2:$M54,$M54),_xlpm.res,IF($M54=1,_xlfn._xlws.FILTER('TABLETAS ESTUDIANTES'!$C$2:$K$1000,'TABLETAS ESTUDIANTES'!$B$2:$B$1000=$B54),_xlfn._xlws.FILTER('PORTATIL ESTUDIANTES'!$C$2:$K$1000,'PORTATIL ESTUDIANTES'!$B$2:$B$1000=$B54)),IFERROR(INDEX(_xlpm.res,_xlpm.n,_xlfn.SEQUENCE(1,9)),""))} -> 117653000647 | AH54: INSTITUCION EDUCATIVA DE LA PRESENTACION - SEDE PRINCIPAL | AI54: Salamina | AJ54: ENTIDAD TERRITORIAL | AK54: COMITÉ DE FOCALIZACION 2026 | AL54: 45053 | AM54: BT TABLETA LENOVO IDEA TAB PRO CTO 158-25 | AN54: 1 | AO54: HA2HFD2A
A55: Línea 2 — EE vinculados a Educación Superior | B55: 10229 | C55: Caldas | D55: CALDAS | E55: 17653 | F55: Salamina | G55: 117653000647 | H55: INSTITUCION EDUCATIVA DE LA PRESENTACION | I55: 117653000647 | J55: INSTITUCION EDUCATIVA DE LA PRESENTACION - SEDE PRINCIPAL | K55: URBANA | L55: - | M55: 1 | N55: LUZ ESTRELLA BLANDON MARULANDA | O55: 1059811862 | P55: MADRE | Q55: Call 14 #6-54 | R55: 3215822324 | S55: luizafer_815@hotmail.com | T55: 1061279193 | U55: GUADALUPE | V55: 0 | W55: SUAREZ | X55: BLANDON | Z55: 6/30/2009 | AA55: 16 | AB55: F | AC55: 11 | AD55: suarezblandonguadalupe@gmail.com | AF55: Despacho Programado | AG55: {=_xlfn.LET(_xlpm.n,COUNTIFS($B$2:$B55,$B55,$M$2:$M55,$M55),_xlpm.res,IF($M55=1,_xlfn._xlws.FILTER('TABLETAS ESTUDIANTES'!$C$2:$K$1000,'TABLETAS ESTUDIANTES'!$B$2:$B$1000=$B55),_xlfn._xlws.FILTER('PORTATIL ESTUDIANTES'!$C$2:$K$1000,'PORTATIL ESTUDIANTES'!$B$2:$B$1000=$B55)),IFERROR(INDEX(_xlpm.res,_xlpm.n,_xlfn.SEQUENCE(1,9)),""))} -> 117653000647 | AH55: INSTITUCION EDUCATIVA DE LA PRESENTACION - SEDE PRINCIPAL | AI55: Salamina | AJ55: ENTIDAD TERRITORIAL | AK55: COMITÉ DE FOCALIZACION 2026 | AL55: 45053 | AM55: BT TABLETA LENOVO IDEA TAB PRO CTO 158-25 | AN55: 1 | AO55: HA2HCYLP
A56: Línea 2 — EE vinculados a Educación Superior | B56: 10229 | C56: Caldas | D56: CALDAS | E56: 17653 | F56: Salamina | G56: 117653000647 | H56: INSTITUCION EDUCATIVA DE LA PRESENTACION | I56: 117653000647 | J56: INSTITUCION EDUCATIVA DE LA PRESENTACION - SEDE PRINCIPAL | K56: URBANA | L56: - | M56: 1 | N56: JORGE LEANDRO FLOREZ CEBALLOS | O56: 15962593 | P56: PADRE | Q56: Cra 6. # 1 --44 | R56: 3214839637 | S56: luizafer_815@hotmail.com | T56: 1061279173 | U56: ANYI | V56: TATIANA | W56: FLOREZ | X56: RAMIREZ | Z56: 4/18/2009 | AA56: 16 | AB56: F | AC56: 11 | AD56: yulianaramirez789@gmail.com | AF56: Despacho Programado | AG56: {=_xlfn.LET(_xlpm.n,COUNTIFS($B$2:$B56,$B56,$M$2:$M56,$M56),_xlpm.res,IF($M56=1,_xlfn._xlws.FILTER('TABLETAS ESTUDIANTES'!$C$2:$K$1000,'TABLETAS ESTUDIANTES'!$B$2:$B$1000=$B56),_xlfn._xlws.FILTER('PORTATIL ESTUDIANTES'!$C$2:$K$1000,'PORTATIL ESTUDIANTES'!$B$2:$B$1000=$B56)),IFERROR(INDEX(_xlpm.res,_xlpm.n,_xlfn.SEQUENCE(1,9)),""))} -> 117653000647 | AH56: INSTITUCION EDUCATIVA DE LA PRESENTACION - SEDE PRINCIPAL | AI56: Salamina | AJ56: ENTIDAD TERRITORIAL | AK56: COMITÉ DE FOCALIZACION 2026 | AL56: 45053 | AM56: BT TABLETA LENOVO IDEA TAB PRO CTO 158-25 | AN56: 1 | AO56: HA2HFJFN
A57: Línea 2 — EE vinculados a Educación Superior | B57: 10229 | C57: Caldas | D57: CALDAS | E57: 17653 | F57: Salamina | G57: 117653000647 | H57: INSTITUCION EDUCATIVA DE LA PRESENTACION | I57: 117653000647 | J57: INSTITUCION EDUCATIVA DE LA PRESENTACION - SEDE PRINCIPAL | K57: URBANA | L57: - | M57: 1 | N57: PAULA JOHANA DUQUE | O57: 24332948 | P57: MADRE | Q57: Carrera 4 # 2-24 | R57: 3172459752 | S57: luizafer_815@hotmail.com | T57: 1013131528 | U57: JUAN | V57: SEBASTIAN | W57: RIOS | X57: DUQUE | Z57: 40364 | AA57: 15 | AB57: M | AC57: 11 | AD57: juansebastianriosduque1@gmail.com | AF57: Despacho Programado | AG57: {=_xlfn.LET(_xlpm.n,COUNTIFS($B$2:$B57,$B57,$M$2:$M57,$M57),_xlpm.res,IF($M57=1,_xlfn._xlws.FILTER('TABLETAS ESTUDIANTES'!$C$2:$K$1000,'TABLETAS ESTUDIANTES'!$B$2:$B$1000=$B57),_xlfn._xlws.FILTER('PORTATIL ESTUDIANTES'!$C$2:$K$1000,'PORTATIL ESTUDIANTES'!$B$2:$B$1000=$B57)),IFERROR(INDEX(_xlpm.res,_xlpm.n,_xlfn.SEQUENCE(1,9)),""))} -> 117653000647 | AH57: INSTITUCION EDUCATIVA DE LA PRESENTACION - SEDE PRINCIPAL | AI57: Salamina | AJ57: ENTIDAD TERRITORIAL | AK57: COMITÉ DE FOCALIZACION 2026 | AL57: 45053 | AM57: BT TABLETA LENOVO IDEA TAB PRO CTO 158-25 | AN57: 1 | AO57: HA2HGRGK
A58: Línea 2 — EE vinculados a Educación Superior | B58: 10229 | C58: Caldas | D58: CALDAS | E58: 17653 | F58: Salamina | G58: 117653000647 | H58: INSTITUCION EDUCATIVA DE LA PRESENTACION | I58: 117653000647 | J58: INSTITUCION EDUCATIVA DE LA PRESENTACION - SEDE PRINCIPAL | K58: URBANA | L58: - | M58: 1 | N58: YENNY VARGAS ATEHORTUA | O58: 1059813797 | P58: MADRE | Q58: Pinares del tachuelo casa 18-C | R58: 3128276058 | S58: luizafer_815@hotmail.com | T58: 1061279443 | U58: JUAN | V58: ESTEBAN | W58: GARCIA | X58: VARGAS | Z58: 7/21/2010 | AA58: 15 | AB58: M | AC58: 11 | AD58: Vargasyenimarli@gmail.com | AF58: Despacho Programado | AG58: {=_xlfn.LET(_xlpm.n,COUNTIFS($B$2:$B58,$B58,$M$2:$M58,$M58),_xlpm.res,IF($M58=1,_xlfn._xlws.FILTER('TABLETAS ESTUDIANTES'!$C$2:$K$1000,'TABLETAS ESTUDIANTES'!$B$2:$B$1000=$B58),_xlfn._xlws.FILTER('PORTATIL ESTUDIANTES'!$C$2:$K$1000,'PORTATIL ESTUDIANTES'!$B$2:$B$1000=$B58)),IFERROR(INDEX(_xlpm.res,_xlpm.n,_xlfn.SEQUENCE(1,9)),""))} -> 117653000647 | AH58: INSTITUCION EDUCATIVA DE LA PRESENTACION - SEDE PRINCIPAL | AI58: Salamina | AJ58: ENTIDAD TERRITORIAL | AK58: COMITÉ DE FOCALIZACION 2026 | AL58: 45053 | AM58: BT TABLETA LENOVO IDEA TAB PRO CTO 158-25 | AN58: 1 | AO58: HA2HEN15
A59: Línea 2 — EE vinculados a Educación Superior | B59: 10229 | C59: Caldas | D59: CALDAS | E59: 17653 | F59: Salamina | G59: 117653000647 | H59: INSTITUCION EDUCATIVA DE LA PRESENTACION | I59: 117653000647 | J59: INSTITUCION EDUCATIVA DE LA PRESENTACION - SEDE PRINCIPAL | K59: URBANA | L59: - | M59: 1 | N59: MARIA DEL PILAR CARDONA MURILLO | O59: 30235905 | P59: MADRE | Q59: Vereda La Quiebra | R59: 3136462555 | S59: luizafer_815@hotmail.com | T59: 1061279413 | U59: NATALIA | V59: 0 | W59: MARTINEZ | X59: CARDONA | Z59: 40518 | AA59: 15 | AB59: F | AC59: 11 | AD59: cardonanatalia733@gmail.com | AF59: Despacho Programado | AG59: {=_xlfn.LET(_xlpm.n,COUNTIFS($B$2:$B59,$B59,$M$2:$M59,$M59),_xlpm.res,IF($M59=1,_xlfn._xlws.FILTER('TABLETAS ESTUDIANTES'!$C$2:$K$1000,'TABLETAS ESTUDIANTES'!$B$2:$B$1000=$B59),_xlfn._xlws.FILTER('PORTATIL ESTUDIANTES'!$C$2:$K$1000,'PORTATIL ESTUDIANTES'!$B$2:$B$1000=$B59)),IFERROR(INDEX(_xlpm.res,_xlpm.n,_xlfn.SEQUENCE(1,9)),""))} -> 117653000647 | AH59: INSTITUCION EDUCATIVA DE LA PRESENTACION - SEDE PRINCIPAL | AI59: Salamina | AJ59: ENTIDAD TERRITORIAL | AK59: COMITÉ DE FOCALIZACION 2026 | AL59: 45053 | AM59: BT TABLETA LENOVO IDEA TAB PRO CTO 158-25 | AN59: 1 | AO59: HA2HG1J2
A60: Línea 2 — EE vinculados a Educación Superior | B60: 10229 | C60: Caldas | D60: CALDAS | E60: 17653 | F60: Salamina | G60: 117653000647 | H60: INSTITUCION EDUCATIVA DE LA PRESENTACION | I60: 117653000647 | J60: INSTITUCION EDUCATIVA DE LA PRESENTACION - SEDE PRINCIPAL | K60: URBANA | L60: - | M60: 1 | N60: WILLIAM QUINTERO OCAMPO | O60: 15961953 | P60: PADRE | Q60: Calle 4 # 4-15 | R60: 3113189311 | S60: luizafer_815@hotmail.com | T60: 1059812743 | U60: LAURA | V60: SOFIA | W60: QUINTERO | X60: MARIN | Z60: 1/16/2010 | AA60: 16 | AB60: F | AC60: 11 | AD60: quinteromarinlaurasofia@gmail.com | AF60: Despacho Programado | AG60: {=_xlfn.LET(_xlpm.n,COUNTIFS($B$2:$B60,$B60,$M$2:$M60,$M60),_xlpm.res,IF($M60=1,_xlfn._xlws.FILTER('TABLETAS ESTUDIANTES'!$C$2:$K$1000,'TABLETAS ESTUDIANTES'!$B$2:$B$1000=$B60),_xlfn._xlws.FILTER('PORTATIL ESTUDIANTES'!$C$2:$K$1000,'PORTATIL ESTUDIANTES'!$B$2:$B$1000=$B60)),IFERROR(INDEX(_xlpm.res,_xlpm.n,_xlfn.SEQUENCE(1,9)),""))} -> 117653000647 | AH60: INSTITUCION EDUCATIVA DE LA PRESENTACION - SEDE PRINCIPAL | AI60: Salamina | AJ60: ENTIDAD TERRITORIAL | AK60: COMITÉ DE FOCALIZACION 2026 | AL60: 45053 | AM60: BT TABLETA LENOVO IDEA TAB PRO CTO 158-25 | AN60: 1 | AO60: HA2HFZ8J
A61: Línea 2 — EE vinculados a Educación Superior | B61: 33369 | C61: Caldas | D61: CALDAS | E61: 17662 | F61: Samaná | G61: 217662000093 | H61: INSTITUCION EDUCATIVA ENCIMADAS | I61: 217662000085 | J61: ESCUELA NUEVA EL CONSUELO | K61: RURAL | L61: 1 | M61: - | N61: LEIDY CONSTANZA OCAMPO OSPINA | O61: 1024479036 | P61: MADRE | Q61: Vereda el consuelo | R61: 3117603298 | S61: luizafer_815@hotmail.com | T61: 1024521745 | U61: LAURA | V61: SOFIA | W61: OCAMPO | X61: OCAMPO | Z61: 9/14/2009 | AA61: 16 | AB61: F | AC61: 11 | AD61: ocamponarvaezlaura@gmail.com | AF61: Despacho Programado | AG61: {=_xlfn.LET(_xlpm.n,COUNTIFS($B$2:$B61,$B61,$M$2:$M61,$M61),_xlpm.res,IF($M61=1,_xlfn._xlws.FILTER('TABLETAS ESTUDIANTES'!$C$2:$K$1000,'TABLETAS ESTUDIANTES'!$B$2:$B$1000=$B61),_xlfn._xlws.FILTER('PORTATIL ESTUDIANTES'!$C$2:$K$1000,'PORTATIL ESTUDIANTES'!$B$2:$B$1000=$B61)),IFERROR(INDEX(_xlpm.res,_xlpm.n,_xlfn.SEQUENCE(1,9)),""))} -> 217662000085 | AH61: ESCUELA NUEVA EL CONSUELO | AI61: Samaná | AJ61: ENTIDAD TERRITORIAL | AK61: COMITÉ DE FOCALIZACION 2026 | AL61: 45030 | AM61: PORTÁTIL 14" HEWLETT PACKARD, PROBOOK 445 14 INCH G11 RYZEN 3 7335U - OC 148772 | AN61: 1 | AO61: 5CD53276W1
A62: Línea 2 — EE vinculados a Educación Superior | B62: 19768 | C62: Caldas | D62: CALDAS | E62: 17662 | F62: Samaná | G62: 217662000093 | H62: INSTITUCION EDUCATIVA ENCIMADAS | I62: 217662000093 | J62: INSTITUCION EDUCATIVA ENCIMADAS - SEDE PRINCIPAL | K62: RURAL | L62: 1 | M62: - | N62: ALBA LILIANA GARCIA ARIAS | O62: 1058843573 | P62: MADRE | Q62: Encimadas | R62: 3123864144 | S62: luizafer_815@hotmail.com | T62: 1060040537 | U62: ZULLY | V62: ANDREA | W62: PEREZ | X62: GARCIA | Z62: 39550 | AA62: 17 | AB62: F | AC62: 11 | AD62: zullyperez3390@gmail.com | AF62: Despacho Programado | AG62: {=_xlfn.LET(_xlpm.n,COUNTIFS($B$2:$B62,$B62,$M$2:$M62,$M62),_xlpm.res,IF($M62=1,_xlfn._xlws.FILTER('TABLETAS ESTUDIANTES'!$C$2:$K$1000,'TABLETAS ESTUDIANTES'!$B$2:$B$1000=$B62),_xlfn._xlws.FILTER('PORTATIL ESTUDIANTES'!$C$2:$K$1000,'PORTATIL ESTUDIANTES'!$B$2:$B$1000=$B62)),IFERROR(INDEX(_xlpm.res,_xlpm.n,_xlfn.SEQUENCE(1,9)),""))} -> 217662000093 | AH62: INSTITUCION EDUCATIVA ENCIMADAS - SEDE PRINCIPAL | AI62: Samaná | AJ62: ENTIDAD TERRITORIAL | AK62: COMITÉ DE FOCALIZACION 2026 | AL62: 45030 | AM62: PORTÁTIL 14" HEWLETT PACKARD, PROBOOK 445 14 INCH G11 RYZEN 3 7335U - OC 148772 | AN62: 1 | AO62: 5CD53276YC
A63: Línea 2 — EE vinculados a Educación Superior | B63: 33370 | C63: Caldas | D63: CALDAS | E63: 17662 | F63: Samaná | G63: 217662000964 | H63: INSTITUCION EDUCATIVA FELIX NARANJO | I63: 217662000964 | J63: INSTITUCION EDUCATIVA FELIX NARANJO - SEDE PRINCIPAL | K63: RURAL | L63: 1 | M63: - | N63: ELISENIA CORTES | O63: 25141411 | P63: MADRE | Q63: Corregimiento de san Diego | R63: 3106572579 | S63: luizafer_815@hotmail.com | T63: 1058526576 | U63: EIMILIN | V63: SARAIT | W63: MARULANDA | X63: CORTES | Z63: 6/13/2009 | AA63: 16 | AB63: F | AC63: 11 | AD63: eimilincortes567@gmail.com | AF63: Despacho Programado | AG63: {=_xlfn.LET(_xlpm.n,COUNTIFS($B$2:$B63,$B63,$M$2:$M63,$M63),_xlpm.res,IF($M63=1,_xlfn._xlws.FILTER('TABLETAS ESTUDIANTES'!$C$2:$K$1000,'TABLETAS ESTUDIANTES'!$B$2:$B$1000=$B63),_xlfn._xlws.FILTER('PORTATIL ESTUDIANTES'!$C$2:$K$1000,'PORTATIL ESTUDIANTES'!$B$2:$B$1000=$B63)),IFERROR(INDEX(_xlpm.res,_xlpm.n,_xlfn.SEQUENCE(1,9)),""))} -> 217662000964 | AH63: INSTITUCION EDUCATIVA FELIX NARANJO - SEDE PRINCIPAL | AI63: Samaná | AJ63: ENTIDAD TERRITORIAL | AK63: COMITÉ DE FOCALIZACION 2026 | AL63: 45030 | AM63: PORTÁTIL 14" HEWLETT PACKARD, PROBOOK 445 14 INCH G11 RYZEN 3 7335U - OC 148772 | AN63: 1 | AO63: 5CD53293V3
A64: Línea 2 — EE vinculados a Educación Superior | B64: 33370 | C64: Caldas | D64: CALDAS | E64: 17662 | F64: Samaná | G64: 217662000964 | H64: INSTITUCION EDUCATIVA FELIX NARANJO | I64: 217662000964 | J64: INSTITUCION EDUCATIVA FELIX NARANJO - SEDE PRINCIPAL | K64: RURAL | L64: - | M64: 1 | N64: MARI LUZ OBANDO CARDONA | O64: 24713770 | P64: MADRE | Q64: Corregimiento San Diego | R64: 3234649672 | S64: luizafer_815@hotmail.com | T64: 1058526615 | U64: CAMILO | V64: 0 | W64: CARDONA | X64: OBANDO | Z64: 40179 | AA64: 16 | AB64: M | AC64: 11 | AD64: cardonaobandocamilo@gmail.com | AF64: Despacho Programado | AG64: {=_xlfn.LET(_xlpm.n,COUNTIFS($B$2:$B64,$B64,$M$2:$M64,$M64),_xlpm.res,IF($M64=1,_xlfn._xlws.FILTER('TABLETAS ESTUDIANTES'!$C$2:$K$1000,'TABLETAS ESTUDIANTES'!$B$2:$B$1000=$B64),_xlfn._xlws.FILTER('PORTATIL ESTUDIANTES'!$C$2:$K$1000,'PORTATIL ESTUDIANTES'!$B$2:$B$1000=$B64)),IFERROR(INDEX(_xlpm.res,_xlpm.n,_xlfn.SEQUENCE(1,9)),""))} -> 217662000964 | AH64: INSTITUCION EDUCATIVA FELIX NARANJO - SEDE PRINCIPAL | AI64: Samaná | AJ64: ENTIDAD TERRITORIAL | AK64: COMITÉ DE FOCALIZACION 2026 | AL64: 45053 | AM64: BT TABLETA LENOVO IDEA TAB PRO CTO 158-25 | AN64: 1 | AO64: HA2HFE6Y
A65: Línea 2 — EE vinculados a Educación Superior | B65: 94788 | C65: Caldas | D65: CALDAS | E65: 17662 | F65: Samaná | G65: 117662002792 | H65: INSTITUCION EDUCATIVA SAN AGUSTIN | I65: 117662002792 | J65: INSTITUCION EDUCATIVA SAN AGUSTIN - SEDE PRINCIPAL | K65: URBANA | L65: - | M65: 1 | N65: KATHERIN JULIETH VALENCIA ZULUAGA | O65: 1143952753 | P65: MADRE | Q65: Carrera 3#3-58 villa pilar bajo | R65: 3207087943 | S65: luizafer_815@hotmail.com | T65: 1111678405 | U65: SANTIAGO | V65: 0 | W65: DAZA | X65: VALENCIA | Z65: 40034 | AA65: 16 | AB65: M | AC65: 11 | AD65: dazasantiago126@gmail.com | AF65: Despacho Programado | AG65: {=_xlfn.LET(_xlpm.n,COUNTIFS($B$2:$B65,$B65,$M$2:$M65,$M65),_xlpm.res,IF($M65=1,_xlfn._xlws.FILTER('TABLETAS ESTUDIANTES'!$C$2:$K$1000,'TABLETAS ESTUDIANTES'!$B$2:$B$1000=$B65),_xlfn._xlws.FILTER('PORTATIL ESTUDIANTES'!$C$2:$K$1000,'PORTATIL ESTUDIANTES'!$B$2:$B$1000=$B65)),IFERROR(INDEX(_xlpm.res,_xlpm.n,_xlfn.SEQUENCE(1,9)),""))} -> 117662002792 | AH65: INSTITUCION EDUCATIVA SAN AGUSTIN - SEDE PRINCIPAL | AI65: Samaná | AJ65: ENTIDAD TERRITORIAL | AK65: COMITÉ DE FOCALIZACION 2026 | AL65: 45053 | AM65: BT TABLETA LENOVO IDEA TAB PRO CTO 158-25 | AN65: 1 | AO65: HA2HDMYZ
A66: Línea 2 — EE vinculados a Educación Superior | B66: 94788 | C66: Caldas | D66: CALDAS | E66: 17662 | F66: Samaná | G66: 117662002792 | H66: INSTITUCION EDUCATIVA SAN AGUSTIN | I66: 117662002792 | J66: INSTITUCION EDUCATIVA SAN AGUSTIN - SEDE PRINCIPAL | K66: URBANA | L66: - | M66: 1 | N66: MAIDA ANYELIN MONTOYA OCAMPO | O66: 1010191300 | P66: MADRE | Q66: Calle 8 #8-31 | R66: 3124410717 | S66: luizafer_815@hotmail.com | T66: 1028800327 | U66: JOHAN | V66: STIVEN | W66: GALLEGO | X66: MONTOYA | Z66: 8/16/2009 | AA66: 16 | AB66: M | AC66: 11 | AD66: johanstiven16083@gmail.com | AF66: Despacho Programado | AG66: {=_xlfn.LET(_xlpm.n,COUNTIFS($B$2:$B66,$B66,$M$2:$M66,$M66),_xlpm.res,IF($M66=1,_xlfn._xlws.FILTER('TABLETAS ESTUDIANTES'!$C$2:$K$1000,'TABLETAS ESTUDIANTES'!$B$2:$B$1000=$B66),_xlfn._xlws.FILTER('PORTATIL ESTUDIANTES'!$C$2:$K$1000,'PORTATIL ESTUDIANTES'!$B$2:$B$1000=$B66)),IFERROR(INDEX(_xlpm.res,_xlpm.n,_xlfn.SEQUENCE(1,9)),""))} -> 117662002792 | AH66: INSTITUCION EDUCATIVA SAN AGUSTIN - SEDE PRINCIPAL | AI66: Samaná | AJ66: ENTIDAD TERRITORIAL | AK66: COMITÉ DE FOCALIZACION 2026 | AL66: 45053 | AM66: BT TABLETA LENOVO IDEA TAB PRO CTO 158-25 | AN66: 1 | AO66: HA2HFW6V
A67: Línea 2 — EE vinculados a Educación Superior | B67: 94788 | C67: Caldas | D67: CALDAS | E67: 17662 | F67: Samaná | G67: 117662002792 | H67: INSTITUCION EDUCATIVA SAN AGUSTIN | I67: 117662002792 | J67: INSTITUCION EDUCATIVA SAN AGUSTIN - SEDE PRINCIPAL | K67: URBANA | L67: - | M67: 1 | N67: LUZ ADRIANA MUÑOZ HOYOZ | O67: 30226172 | P67: MADRE | Q67: carrera 10 5 51 | R67: 3213552605 | S67: luizafer_815@hotmail.com | T67: 1054555584 | U67: MARIANA | V67: 0 | W67: VALENCIA | X67: MUÃ‘OZ | Z67: 40003 | AA67: 16 | AB67: F | AC67: 11 | AD67: marianita749@gmail.com | AF67: Despacho Programado | AG67: {=_xlfn.LET(_xlpm.n,COUNTIFS($B$2:$B67,$B67,$M$2:$M67,$M67),_xlpm.res,IF($M67=1,_xlfn._xlws.FILTER('TABLETAS ESTUDIANTES'!$C$2:$K$1000,'TABLETAS ESTUDIANTES'!$B$2:$B$1000=$B67),_xlfn._xlws.FILTER('PORTATIL ESTUDIANTES'!$C$2:$K$1000,'PORTATIL ESTUDIANTES'!$B$2:$B$1000=$B67)),IFERROR(INDEX(_xlpm.res,_xlpm.n,_xlfn.SEQUENCE(1,9)),""))} -> 117662002792 | AH67: INSTITUCION EDUCATIVA SAN AGUSTIN - SEDE PRINCIPAL | AI67: Samaná | AJ67: ENTIDAD TERRITORIAL | AK67: COMITÉ DE FOCALIZACION 2026 | AL67: 45053 | AM67: BT TABLETA LENOVO IDEA TAB PRO CTO 158-25 | AN67: 1 | AO67: HA2HDMYL
A68: Línea 2 — EE vinculados a Educación Superior | B68: 94788 | C68: Caldas | D68: CALDAS | E68: 17662 | F68: Samaná | G68: 117662002792 | H68: INSTITUCION EDUCATIVA SAN AGUSTIN | I68: 117662002792 | J68: INSTITUCION EDUCATIVA SAN AGUSTIN - SEDE PRINCIPAL | K68: URBANA | L68: - | M68: 1 | N68: GLORIA JOHANA OSPINA OCAMPO | O68: 30226158 | P68: MADRE | Q68: Cra 9 #8-34 | R68: 3226162094 | S68: luizafer_815@hotmail.com | T68: 1109548629 | U68: SOFIA | V68: 0 | W68: EGAS | X68: OSPINA | Z68: 11/19/2009 | AA68: 16 | AB68: F | AC68: 11 | AD68: sofiaegas62@gmail.com | AF68: Despacho Programado | AG68: {=_xlfn.LET(_xlpm.n,COUNTIFS($B$2:$B68,$B68,$M$2:$M68,$M68),_xlpm.res,IF($M68=1,_xlfn._xlws.FILTER('TABLETAS ESTUDIANTES'!$C$2:$K$1000,'TABLETAS ESTUDIANTES'!$B$2:$B$1000=$B68),_xlfn._xlws.FILTER('PORTATIL ESTUDIANTES'!$C$2:$K$1000,'PORTATIL ESTUDIANTES'!$B$2:$B$1000=$B68)),IFERROR(INDEX(_xlpm.res,_xlpm.n,_xlfn.SEQUENCE(1,9)),""))} -> 117662002792 | AH68: INSTITUCION EDUCATIVA SAN AGUSTIN - SEDE PRINCIPAL | AI68: Samaná | AJ68: ENTIDAD TERRITORIAL | AK68: COMITÉ DE FOCALIZACION 2026 | AL68: 45053 | AM68: BT TABLETA LENOVO IDEA TAB PRO CTO 158-25 | AN68: 1 | AO68: HA2HG4AG
A69: Línea 2 — EE vinculados a Educación Superior | B69: 94788 | C69: Caldas | D69: CALDAS | E69: 17662 | F69: Samaná | G69: 117662002792 | H69: INSTITUCION EDUCATIVA SAN AGUSTIN | I69: 117662002792 | J69: INSTITUCION EDUCATIVA SAN AGUSTIN - SEDE PRINCIPAL | K69: URBANA | L69: - | M69: 1 | N69: MÓNICA PATRICIA HENAO ESCOBAR | O69: 24720901 | P69: MADRE | Q69: Cra 8 #4-03 | R69: 3117498731 | S69: luizafer_815@hotmail.com | T69: 1061656152 | U69: ALEJANDRO | V69: ALEJANDRO | W69: ARISTIZABAL | X69: HENAO | Z69: 8/22/2009 | AA69: 16 | AB69: M | AC69: 11 | AD69: alejandroartzbl@gmail.com | AF69: Despacho Programado | AG69: {=_xlfn.LET(_xlpm.n,COUNTIFS($B$2:$B69,$B69,$M$2:$M69,$M69),_xlpm.res,IF($M69=1,_xlfn._xlws.FILTER('TABLETAS ESTUDIANTES'!$C$2:$K$1000,'TABLETAS ESTUDIANTES'!$B$2:$B$1000=$B69),_xlfn._xlws.FILTER('PORTATIL ESTUDIANTES'!$C$2:$K$1000,'PORTATIL ESTUDIANTES'!$B$2:$B$1000=$B69)),IFERROR(INDEX(_xlpm.res,_xlpm.n,_xlfn.SEQUENCE(1,9)),""))} -> 117662002792 | AH69: INSTITUCION EDUCATIVA SAN AGUSTIN - SEDE PRINCIPAL | AI69: Samaná | AJ69: ENTIDAD TERRITORIAL | AK69: COMITÉ DE FOCALIZACION 2026 | AL69: 45053 | AM69: BT TABLETA LENOVO IDEA TAB PRO CTO 158-25 | AN69: 1 | AO69: HA2J945W
A70: Línea 2 — EE vinculados a Educación Superior | B70: 94788 | C70: Caldas | D70: CALDAS | E70: 17662 | F70: Samaná | G70: 117662002792 | H70: INSTITUCION EDUCATIVA SAN AGUSTIN | I70: 117662002792 | J70: INSTITUCION EDUCATIVA SAN AGUSTIN - SEDE PRINCIPAL | K70: URBANA | L70: - | M70: 1 | N70: LORENA ROJAS | O70: 1061654082 | P70: MADRE | Q70: Alto del cementerio | R70: 3122973635 | S70: luizafer_815@hotmail.com | T70: 1013270124 | U70: CAMILA | V70: 0 | W70: CALDERON | X70: ROJAS | Z70: 9/14/2009 | AA70: 16 | AB70: F | AC70: 11 | AD70: cami15252820.b@gmail.com | AF70: Despacho Programado | AG70: {=_xlfn.LET(_xlpm.n,COUNTIFS($B$2:$B70,$B70,$M$2:$M70,$M70),_xlpm.res,IF($M70=1,_xlfn._xlws.FILTER('TABLETAS ESTUDIANTES'!$C$2:$K$1000,'TABLETAS ESTUDIANTES'!$B$2:$B$1000=$B70),_xlfn._xlws.FILTER('PORTATIL ESTUDIANTES'!$C$2:$K$1000,'PORTATIL ESTUDIANTES'!$B$2:$B$1000=$B70)),IFERROR(INDEX(_xlpm.res,_xlpm.n,_xlfn.SEQUENCE(1,9)),""))} -> 117662002792 | AH70: INSTITUCION EDUCATIVA SAN AGUSTIN - SEDE PRINCIPAL | AI70: Samaná | AJ70: ENTIDAD TERRITORIAL | AK70: COMITÉ DE FOCALIZACION 2026 | AL70: 45053 | AM70: BT TABLETA LENOVO IDEA TAB PRO CTO 158-25 | AN70: 1 | AO70: HA2HF3Z4
A71: Línea 2 — EE vinculados a Educación Superior | B71: 94788 | C71: Caldas | D71: CALDAS | E71: 17662 | F71: Samaná | G71: 117662002792 | H71: INSTITUCION EDUCATIVA SAN AGUSTIN | I71: 117662002792 | J71: INSTITUCION EDUCATIVA SAN AGUSTIN - SEDE PRINCIPAL | K71: URBANA | L71: - | M71: 1 | N71: LEIDY PAOLA BUITRAGO RESTREPO | O71: 1007322527 | P71: MADRE | Q71: Calle 5#8-29 | R71: 3127911262 | S71: luizafer_815@hotmail.com | T71: 1058199839 | U71: KAREN | V71: YULIANA | W71: MUÃ‘OZ | X71: BUITRAGO | Z71: 39878 | AA71: 16 | AB71: F | AC71: 11 | AD71: karenbuitrago955@gmail.com | AF71: Despacho Programado | AG71: {=_xlfn.LET(_xlpm.n,COUNTIFS($B$2:$B71,$B71,$M$2:$M71,$M71),_xlpm.res,IF($M71=1,_xlfn._xlws.FILTER('TABLETAS ESTUDIANTES'!$C$2:$K$1000,'TABLETAS ESTUDIANTES'!$B$2:$B$1000=$B71),_xlfn._xlws.FILTER('PORTATIL ESTUDIANTES'!$C$2:$K$1000,'PORTATIL ESTUDIANTES'!$B$2:$B$1000=$B71)),IFERROR(INDEX(_xlpm.res,_xlpm.n,_xlfn.SEQUENCE(1,9)),""))} -> 117662002792 | AH71: INSTITUCION EDUCATIVA SAN AGUSTIN - SEDE PRINCIPAL | AI71: Samaná | AJ71: ENTIDAD TERRITORIAL | AK71: COMITÉ DE FOCALIZACION 2026 | AL71: 45053 | AM71: BT TABLETA LENOVO IDEA TAB PRO CTO 158-25 | AN71: 1 | AO71: HA2HFX1D
A72: Línea 2 — EE vinculados a Educación Superior | B72: 21883 | C72: Caldas | D72: CALDAS | E72: 17877 | F72: Viterbo | G72: 117877000103 | H72: INSTITUCION EDUCATIVA LA MILAGROSA | I72: 117877000103 | J72: INSTITUCION EDUCATIVA LA MILAGROSA - SEDE PRINCIPAL | K72: URBANA | L72: - | M72: 1 | N72: INDIRA MARCELA GIRALDO BETANCUR | O72: 25248748 | P72: MADRE | Q72: calle 8 No. 6-04 | R72: 3108400710 | S72: luizafer_815@hotmail.com | T72: 1089937240 | U72: MARIA | V72: ANTONIA | W72: LONDOÃ‘O | X72: GIRALDO | Z72: 4/28/2010 | AA72: 15 | AB72: F | AC72: 11 | AD72: mantonialondono28@gmail.com | AF72: Despacho Programado | AG72: {=_xlfn.LET(_xlpm.n,COUNTIFS($B$2:$B72,$B72,$M$2:$M72,$M72),_xlpm.res,IF($M72=1,_xlfn._xlws.FILTER('TABLETAS ESTUDIANTES'!$C$2:$K$1000,'TABLETAS ESTUDIANTES'!$B$2:$B$1000=$B72),_xlfn._xlws.FILTER('PORTATIL ESTUDIANTES'!$C$2:$K$1000,'PORTATIL ESTUDIANTES'!$B$2:$B$1000=$B72)),IFERROR(INDEX(_xlpm.res,_xlpm.n,_xlfn.SEQUENCE(1,9)),""))} -> 117877000103 | AH72: INSTITUCION EDUCATIVA LA MILAGROSA - SEDE PRINCIPAL | AI72: Viterbo | AJ72: ENTIDAD TERRITORIAL | AK72: COMITÉ DE FOCALIZACION 2026 | AL72: 45053 | AM72: BT TABLETA LENOVO IDEA TAB PRO CTO 158-25 | AN72: 1 | AO72: HA2HFY37
A73: Línea 2 — EE vinculados a Educación Superior | B73: 21883 | C73: Caldas | D73: CALDAS | E73: 17877 | F73: Viterbo | G73: 117877000103 | H73: INSTITUCION EDUCATIVA LA MILAGROSA | I73: 117877000103 | J73: INSTITUCION EDUCATIVA LA MILAGROSA - SEDE PRINCIPAL | K73: URBANA | L73: - | M73: 1 | N73: JHON LÍDER OSPINA ZAPATA | O73: 4547551 | P73: PADRE | Q73: Carrera 7 # 9-52 | R73: 3137355470 | S73: luizafer_815@hotmail.com | T73: 1054873244 | U73: JHON | V73: ALEXANDER | W73: OSPINA | X73: VASQUEZ | Z73: 3/22/2010 | AA73: 16 | AB73: M | AC73: 11 | AD73: jhonalexanderospina912@gmail.com | AF73: Despacho Programado | AG73: {=_xlfn.LET(_xlpm.n,COUNTIFS($B$2:$B73,$B73,$M$2:$M73,$M73),_xlpm.res,IF($M73=1,_xlfn._xlws.FILTER('TABLETAS ESTUDIANTES'!$C$2:$K$1000,'TABLETAS ESTUDIANTES'!$B$2:$B$1000=$B73),_xlfn._xlws.FILTER('PORTATIL ESTUDIANTES'!$C$2:$K$1000,'PORTATIL ESTUDIANTES'!$B$2:$B$1000=$B73)),IFERROR(INDEX(_xlpm.res,_xlpm.n,_xlfn.SEQUENCE(1,9)),""))} -> 117877000103 | AH73: INSTITUCION EDUCATIVA LA MILAGROSA - SEDE PRINCIPAL | AI73: Viterbo | AJ73: ENTIDAD TERRITORIAL | AK73: COMITÉ DE FOCALIZACION 2026 | AL73: 45053 | AM73: BT TABLETA LENOVO IDEA TAB PRO CTO 158-25 | AN73: 1 | AO73: HA2HEL3E
A74: Línea 2 — EE vinculados a Educación Superior | B74: 21883 | C74: Caldas | D74: CALDAS | E74: 17877 | F74: Viterbo | G74: 117877000103 | H74: INSTITUCION EDUCATIVA LA MILAGROSA | I74: 117877000103 | J74: INSTITUCION EDUCATIVA LA MILAGROSA - SEDE PRINCIPAL | K74: URBANA | L74: - | M74: 1 | N74: MARIA ANGELICA MAFLA GALEANO | O74: 25249129 | P74: MADRE | Q74: Vereda el porvenir | R74: 3137234413 | S74: luizafer_815@hotmail.com | T74: 1087553870 | U74: JHON | V74: EDWIN | W74: OROZCO | X74: MAFLA | Z74: 7/31/2009 | AA74: 16 | AB74: M | AC74: 11 | AD74: Maflaangelica7@gmail.com | AF74: Despacho Programado | AG74: {=_xlfn.LET(_xlpm.n,COUNTIFS($B$2:$B74,$B74,$M$2:$M74,$M74),_xlpm.res,IF($M74=1,_xlfn._xlws.FILTER('TABLETAS ESTUDIANTES'!$C$2:$K$1000,'TABLETAS ESTUDIANTES'!$B$2:$B$1000=$B74),_xlfn._xlws.FILTER('PORTATIL ESTUDIANTES'!$C$2:$K$1000,'PORTATIL ESTUDIANTES'!$B$2:$B$1000=$B74)),IFERROR(INDEX(_xlpm.res,_xlpm.n,_xlfn.SEQUENCE(1,9)),""))} -> 117877000103 | AH74: INSTITUCION EDUCATIVA LA MILAGROSA - SEDE PRINCIPAL | AI74: Viterbo | AJ74: ENTIDAD TERRITORIAL | AK74: COMITÉ DE FOCALIZACION 2026 | AL74: 45053 | AM74: BT TABLETA LENOVO IDEA TAB PRO CTO 158-25 | AN74: 1 | AO74: HA2HFW5P
A75: Línea 1 — Escuelas Normales Superiores | B75: 21878 | C75: Caldas | D75: CALDAS | E75: 17042 | F75: Anserma | G75: 117042000650 | H75: INSTITUCION EDUCATIVA ESCUELA NORMAL SUPERIOR REBECA SIERRA CARDONA | I75: 117042000650 | J75: INSTITUCION EDUCATIVA ESCUELA NORMAL SUPERIOR REBECA SIERRA CARDONA - SEDE PRINCIPAL | K75: URBANA | L75: 1 | M75: - | N75: Adriana Maria Rendon Ortiz | O75: 1054917469 | P75: MADRE | Q75: calle 9#1-39 | R75: 3217247475 | S75: luizafer_815@hotmail.com | T75: 1058079146 | U75: ISABELA | V75: 0 | W75: SANCHEZ | X75: RENDON | Z75: 7/26/2010 | AA75: 16 | AB75: F | AC75: 11 | AD75: isabelasanchezrendon9@gmail.com | AF75: Despacho Programado | AG75: {=_xlfn.LET(_xlpm.n,COUNTIFS($B$2:$B75,$B75,$M$2:$M75,$M75),_xlpm.res,IF($M75=1,_xlfn._xlws.FILTER('TABLETAS ESTUDIANTES'!$C$2:$K$1000,'TABLETAS ESTUDIANTES'!$B$2:$B$1000=$B75),_xlfn._xlws.FILTER('PORTATIL ESTUDIANTES'!$C$2:$K$1000,'PORTATIL ESTUDIANTES'!$B$2:$B$1000=$B75)),IFERROR(INDEX(_xlpm.res,_xlpm.n,_xlfn.SEQUENCE(1,9)),""))} -> 117042000650 | AH75: INSTITUCION EDUCATIVA ESCUELA NORMAL SUPERIOR REBECA SIERRA CARDONA - SEDE PRINCIPAL | AI75: Anserma | AJ75: ENTIDAD TERRITORIAL | AK75: COMITÉ DE FOCALIZACION 2026 | AL75: 45030 | AM75: PORTÁTIL 14" HEWLETT PACKARD, PROBOOK 445 14 INCH G11 RYZEN 3 7335U - OC 148772 | AN75: 1 | AO75: 5CD53293KF
A76: Línea 1 — Escuelas Normales Superiores | B76: 1181 | C76: Caldas | D76: CALDAS | E76: 17050 | F76: Aranzazu | G76: 117050000316 | H76: INSTITUCION EDUCATIVA ESCUELA NORMAL SUPERIOR SAGRADO CORAZON | I76: 117050000316 | J76: INSTITUCION EDUCATIVA ESCUELA NORMAL SUPERIOR SAGRADO CORAZON - SEDE PRINCIPAL | K76: URBANA | L76: 1 | M76: - | N76: Gloria Pilar Cerquera Martinez | O76: 1056300638 | P76: MADRE | Q76: El matadero | R76: 3104111433 | S76: luizafer_815@hotmail.com | T76: 1054872128 | U76: VALENTINA | V76: 0 | W76: MURILLO | X76: CERQUERA | Z76: 10/28/2009 | AA76: 17 | AB76: F | AC76: 11 | AD76: valen10282411@gmail.com | AF76: Despacho Programado | AG76: {=_xlfn.LET(_xlpm.n,COUNTIFS($B$2:$B76,$B76,$M$2:$M76,$M76),_xlpm.res,IF($M76=1,_xlfn._xlws.FILTER('TABLETAS ESTUDIANTES'!$C$2:$K$1000,'TABLETAS ESTUDIANTES'!$B$2:$B$1000=$B76),_xlfn._xlws.FILTER('PORTATIL ESTUDIANTES'!$C$2:$K$1000,'PORTATIL ESTUDIANTES'!$B$2:$B$1000=$B76)),IFERROR(INDEX(_xlpm.res,_xlpm.n,_xlfn.SEQUENCE(1,9)),""))} -> 117050000316 | AH76: INSTITUCION EDUCATIVA ESCUELA NORMAL SUPERIOR SAGRADO CORAZON - SEDE PRINCIPAL | AI76: Aranzazu | AJ76: ENTIDAD TERRITORIAL | AK76: COMITÉ DE FOCALIZACION 2026 | AL76: 45030 | AM76: PORTÁTIL 14" HEWLETT PACKARD, PROBOOK 445 14 INCH G11 RYZEN 3 7335U - OC 148772 | AN76: 1 | AO76: 5CD53276HP
A77: Línea 1 — Escuelas Normales Superiores | B77: 2994 | C77: Caldas | D77: CALDAS | E77: 17380 | F77: La Dorada | G77: 117380000185 | H77: INSTITUCION EDUCATIVA MARCO FIDEL SUAREZ | I77: 117380000185 | J77: INSTITUCION EDUCATIVA MARCO FIDEL SUAREZ - SEDE PRINCIPAL | K77: URBANA | L77: 1 | M77: - | N77: Diana julietta Jaramillo Orozco | O77: 30235667 | P77: MADRE | Q77: Transversal 11 #13a89 barrio las palmas | R77: 3115113433 | S77: luizafer_815@hotmail.com | T77: 1013130550 | U77: MARIANA | V77: 0 | W77: CRUZ | X77: JARAMILLO | Z77: 3/13/2010 | AA77: 16 | AB77: F | AC77: 11 | AD77: marianacruzjaramillo130@gmail.com | AF77: Despacho Programado | AG77: {=_xlfn.LET(_xlpm.n,COUNTIFS($B$2:$B77,$B77,$M$2:$M77,$M77),_xlpm.res,IF($M77=1,_xlfn._xlws.FILTER('TABLETAS ESTUDIANTES'!$C$2:$K$1000,'TABLETAS ESTUDIANTES'!$B$2:$B$1000=$B77),_xlfn._xlws.FILTER('PORTATIL ESTUDIANTES'!$C$2:$K$1000,'PORTATIL ESTUDIANTES'!$B$2:$B$1000=$B77)),IFERROR(INDEX(_xlpm.res,_xlpm.n,_xlfn.SEQUENCE(1,9)),""))} -> 117380000185 | AH77: INSTITUCION EDUCATIVA MARCO FIDEL SUAREZ - SEDE PRINCIPAL | AI77: La Dorada | AJ77: ENTIDAD TERRITORIAL | AK77: COMITÉ DE FOCALIZACION 2026 | AL77: 45030 | AM77: PORTÁTIL 14" HEWLETT PACKARD, PROBOOK 445 14 INCH G11 RYZEN 3 7335U - OC 148772 | AN77: 1 | AO77: 5CD53276QZ
A78: Línea 1 — Escuelas Normales Superiores | B78: 2994 | C78: Caldas | D78: CALDAS | E78: 17380 | F78: La Dorada | G78: 117380000185 | H78: INSTITUCION EDUCATIVA MARCO FIDEL SUAREZ | I78: 117380000185 | J78: INSTITUCION EDUCATIVA MARCO FIDEL SUAREZ - SEDE PRINCIPAL | K78: URBANA | L78: 1 | M78: - | N78: derly alexandra arenas ortiz | O78: 1054561133 | P78: MADRE | Q78: cra 3 # 1 A 30 renan barco | R78: 3113830915 | S78: luizafer_815@hotmail.com | T78: 1054556895 | U78: JUAN | V78: ESTEBAN | W78: TRIANA | X78: ARENAS | Z78: 4/25/2010 | AA78: 16 | AB78: M | AC78: 11 | AD78: juancho08ale@gmail.com | AF78: Despacho Programado | AG78: {=_xlfn.LET(_xlpm.n,COUNTIFS($B$2:$B78,$B78,$M$2:$M78,$M78),_xlpm.res,IF($M78=1,_xlfn._xlws.FILTER('TABLETAS ESTUDIANTES'!$C$2:$K$1000,'TABLETAS ESTUDIANTES'!$B$2:$B$1000=$B78),_xlfn._xlws.FILTER('PORTATIL ESTUDIANTES'!$C$2:$K$1000,'PORTATIL ESTUDIANTES'!$B$2:$B$1000=$B78)),IFERROR(INDEX(_xlpm.res,_xlpm.n,_xlfn.SEQUENCE(1,9)),""))} -> 117380000185 | AH78: INSTITUCION EDUCATIVA MARCO FIDEL SUAREZ - SEDE PRINCIPAL | AI78: La Dorada | AJ78: ENTIDAD TERRITORIAL | AK78: COMITÉ DE FOCALIZACION 2026 | AL78: 45030 | AM78: PORTÁTIL 14" HEWLETT PACKARD, PROBOOK 445 14 INCH G11 RYZEN 3 7335U - OC 148772 | AN78: 1 | AO78: 5CD5320L6M
A79: Línea 1 — Escuelas Normales Superiores | B79: 2994 | C79: Caldas | D79: CALDAS | E79: 17380 | F79: La Dorada | G79: 117380000185 | H79: INSTITUCION EDUCATIVA MARCO FIDEL SUAREZ | I79: 117380000185 | J79: INSTITUCION EDUCATIVA MARCO FIDEL SUAREZ - SEDE PRINCIPAL | K79: URBANA | L79: 1 | M79: - | N79: Alexis Andrea Ayala Bahos | O79: 1020741028 | P79: MADRE | Q79: Cra 6 nro 40c 27 | R79: 3146777657 | S79: luizafer_815@hotmail.com | T79: 1058199953 | U79: MIGUEL | V79: ANGEL | W79: OSPINA | X79: AYALA | Z79: 40125 | AA79: 17 | AB79: M | AC79: 11 | AD79: miguel0spina1108@gmail.com | AF79: Despacho Programado | AG79: {=_xlfn.LET(_xlpm.n,COUNTIFS($B$2:$B79,$B79,$M$2:$M79,$M79),_xlpm.res,IF($M79=1,_xlfn._xlws.FILTER('TABLETAS ESTUDIANTES'!$C$2:$K$1000,'TABLETAS ESTUDIANTES'!$B$2:$B$1000=$B79),_xlfn._xlws.FILTER('PORTATIL ESTUDIANTES'!$C$2:$K$1000,'PORTATIL ESTUDIANTES'!$B$2:$B$1000=$B79)),IFERROR(INDEX(_xlpm.res,_xlpm.n,_xlfn.SEQUENCE(1,9)),""))} -> 117380000185 | AH79: INSTITUCION EDUCATIVA MARCO FIDEL SUAREZ - SEDE PRINCIPAL | AI79: La Dorada | AJ79: ENTIDAD TERRITORIAL | AK79: COMITÉ DE FOCALIZACION 2026 | AL79: 45030 | AM79: PORTÁTIL 14" HEWLETT PACKARD, PROBOOK 445 14 INCH G11 RYZEN 3 7335U - OC 148772 | AN79: 1 | AO79: C50VVLA#ABM
A80: Línea 1 — Escuelas Normales Superiores | B80: 84723 | C80: Caldas | D80: CALDAS | E80: 17541 | F80: Pensilvania | G80: 117541000652 | H80: INSTITUCION EDUCATIVA ESCUELA NORMAL SUPERIOR DE LA PRESENTACION | I80: 117541000652 | J80: INSTITUCION EDUCATIVA ESC. NORMAL SUPERIOR DE LA PRESENTACION - SEDE PRINCIPAL | K80: URBANA | L80: 1 | M80: - | N80: Alba Ilda Rivera López | O80: 24870885 | P80: MADRE | Q80: Eco Betania | R80: 3145380855 | S80: luizafer_815@hotmail.com | T80: 1055756947 | U80: WILLIAN | V80: ANDRES | W80: FLOREZ | X80: RIVERA | Z80: 5/30/2009 | AA80: 17 | AB80: M | AC80: 11 | AD80: wflorezrivera@gmail.com | AF80: Despacho Programado | AG80: {=_xlfn.LET(_xlpm.n,COUNTIFS($B$2:$B80,$B80,$M$2:$M80,$M80),_xlpm.res,IF($M80=1,_xlfn._xlws.FILTER('TABLETAS ESTUDIANTES'!$C$2:$K$1000,'TABLETAS ESTUDIANTES'!$B$2:$B$1000=$B80),_xlfn._xlws.FILTER('PORTATIL ESTUDIANTES'!$C$2:$K$1000,'PORTATIL ESTUDIANTES'!$B$2:$B$1000=$B80)),IFERROR(INDEX(_xlpm.res,_xlpm.n,_xlfn.SEQUENCE(1,9)),""))} -> 117541000652 | AH80: INSTITUCION EDUCATIVA ESC. NORMAL SUPERIOR DE LA PRESENTACION - SEDE PRINCIPAL | AI80: Pensilvania | AJ80: ENTIDAD TERRITORIAL | AK80: COMITÉ DE FOCALIZACION 2026 | AL80: 45030 | AM80: PORTÁTIL 14" HEWLETT PACKARD, PROBOOK 445 14 INCH G11 RYZEN 3 7335U - OC 148772 | AN80: 1 | AO80: 5CD53293K8
A81: Línea 1 — Escuelas Normales Superiores | B81: 23072 | C81: Caldas | D81: CALDAS | E81: 17614 | F81: Riosucio | G81: 117614000753 | H81: INSTITUCION EDUCATIVA ESCUELA NORMAL SUPERIOR SAGRADO CORAZON | I81: 117614000753 | J81: INSTITUCION EDUCATIVA ESCUELA NORMAL SUPERIOR SAGRADO CORAZON - SEDE PRINCIPAL | K81: URBANA | L81: 1 | M81: - | N81: MERY VALDERRAMA LOPERA | O81: 30412905 | P81: MADRE | Q81: CARRERA 12B CALLE 8 CASA 17 | R81: 3206854991 | S81: luizafer_815@hotmail.com | T81: 1018245651 | U81: SALOME | V81: 0 | W81: CANO | X81: VALDERRAMA | Z81: 6/18/2009 | AA81: 17 | AB81: F | AC81: 11 | AD81: salomecano486@gmail.com | AF81: Despacho Programado | AG81: {=_xlfn.LET(_xlpm.n,COUNTIFS($B$2:$B81,$B81,$M$2:$M81,$M81),_xlpm.res,IF($M81=1,_xlfn._xlws.FILTER('TABLETAS ESTUDIANTES'!$C$2:$K$1000,'TABLETAS ESTUDIANTES'!$B$2:$B$1000=$B81),_xlfn._xlws.FILTER('PORTATIL ESTUDIANTES'!$C$2:$K$1000,'PORTATIL ESTUDIANTES'!$B$2:$B$1000=$B81)),IFERROR(INDEX(_xlpm.res,_xlpm.n,_xlfn.SEQUENCE(1,9)),""))} -> 117614000753 | AH81: INSTITUCION EDUCATIVA ESCUELA NORMAL SUPERIOR SAGRADO CORAZON - SEDE PRINCIPAL | AI81: Riosucio | AJ81: ENTIDAD TERRITORIAL | AK81: COMITÉ DE FOCALIZACION 2026 | AL81: 45030 | AM81: PORTÁTIL 14" HEWLETT PACKARD, PROBOOK 445 14 INCH G11 RYZEN 3 7335U - OC 148772 | AN81: 1 | AO81: 5CD5327711
A82: Línea 1 — Escuelas Normales Superiores | B82: 23072 | C82: Caldas | D82: CALDAS | E82: 17614 | F82: Riosucio | G82: 117614000753 | H82: INSTITUCION EDUCATIVA ESCUELA NORMAL SUPERIOR SAGRADO CORAZON | I82: 117614000753 | J82: INSTITUCION EDUCATIVA ESCUELA NORMAL SUPERIOR SAGRADO CORAZON - SEDE PRINCIPAL | K82: URBANA | L82: 1 | M82: - | N82: SERGIO ALEXANDER AFANADOR VARGAS | O82: 1059699748 | P82: PADRE | Q82: CALLE 11B N 11B 05 | R82: 3115352465 | S82: luizafer_815@hotmail.com | T82: 1059702870 | U82: MANUELA | V82: 0 | W82: AFANADOR | X82: NARVAEZ | Z82: 39936 | AA82: 17 | AB82: F | AC82: 11 | AD82: sergioafanador17@hotmail.com | AF82: Despacho Programado | AG82: {=_xlfn.LET(_xlpm.n,COUNTIFS($B$2:$B82,$B82,$M$2:$M82,$M82),_xlpm.res,IF($M82=1,_xlfn._xlws.FILTER('TABLETAS ESTUDIANTES'!$C$2:$K$1000,'TABLETAS ESTUDIANTES'!$B$2:$B$1000=$B82),_xlfn._xlws.FILTER('PORTATIL ESTUDIANTES'!$C$2:$K$1000,'PORTATIL ESTUDIANTES'!$B$2:$B$1000=$B82)),IFERROR(INDEX(_xlpm.res,_xlpm.n,_xlfn.SEQUENCE(1,9)),""))} -> 117614000753 | AH82: INSTITUCION EDUCATIVA ESCUELA NORMAL SUPERIOR SAGRADO CORAZON - SEDE PRINCIPAL | AI82: Riosucio | AJ82: ENTIDAD TERRITORIAL | AK82: COMITÉ DE FOCALIZACION 2026 | AL82: 45030 | AM82: PORTÁTIL 14" HEWLETT PACKARD, PROBOOK 445 14 INCH G11 RYZEN 3 7335U - OC 148772 | AN82: 1 | AO82: 5CD532766P
A83: Línea 1 — Escuelas Normales Superiores | B83: 23072 | C83: Caldas | D83: CALDAS | E83: 17614 | F83: Riosucio | G83: 117614000753 | H83: INSTITUCION EDUCATIVA ESCUELA NORMAL SUPERIOR SAGRADO CORAZON | I83: 117614000753 | J83: INSTITUCION EDUCATIVA ESCUELA NORMAL SUPERIOR SAGRADO CORAZON - SEDE PRINCIPAL | K83: URBANA | L83: 1 | M83: - | N83: Zulma Sorany Bueno Guapacha | O83: 1059699062 | P83: MADRE | Q83: Vereda San Lorenzo Centro poblado | R83: 3108241165 | S83: luizafer_815@hotmail.com | T83: 1059703500 | U83: MANUEL | V83: ALEJANDRO | W83: BECERRA | X83: BUENO | Z83: 8/23/2009 | AA83: 17 | AB83: M | AC83: 11 | AD83: zilmakm@gmail.com | AF83: Despacho Programado | AG83: {=_xlfn.LET(_xlpm.n,COUNTIFS($B$2:$B83,$B83,$M$2:$M83,$M83),_xlpm.res,IF($M83=1,_xlfn._xlws.FILTER('TABLETAS ESTUDIANTES'!$C$2:$K$1000,'TABLETAS ESTUDIANTES'!$B$2:$B$1000=$B83),_xlfn._xlws.FILTER('PORTATIL ESTUDIANTES'!$C$2:$K$1000,'PORTATIL ESTUDIANTES'!$B$2:$B$1000=$B83)),IFERROR(INDEX(_xlpm.res,_xlpm.n,_xlfn.SEQUENCE(1,9)),""))} -> 117614000753 | AH83: INSTITUCION EDUCATIVA ESCUELA NORMAL SUPERIOR SAGRADO CORAZON - SEDE PRINCIPAL | AI83: Riosucio | AJ83: ENTIDAD TERRITORIAL | AK83: COMITÉ DE FOCALIZACION 2026 | AL83: 45030 | AM83: PORTÁTIL 14" HEWLETT PACKARD, PROBOOK 445 14 INCH G11 RYZEN 3 7335U - OC 148772 | AN83: 1 | AO83: 5CD5320M5Q
A84: Línea 1 — Escuelas Normales Superiores | B84: 23072 | C84: Caldas | D84: CALDAS | E84: 17614 | F84: Riosucio | G84: 117614000753 | H84: INSTITUCION EDUCATIVA ESCUELA NORMAL SUPERIOR SAGRADO CORAZON | I84: 117614000753 | J84: INSTITUCION EDUCATIVA ESCUELA NORMAL SUPERIOR SAGRADO CORAZON - SEDE PRINCIPAL | K84: URBANA | L84: 1 | M84: - | N84: LEIDY JOHANA VILLADA ORTIZ | O84: 30414952 | P84: MADRE | Q84: CARRERA 5 AVENIDA FUNDADORES | R84: 3146889624 | S84: luizafer_815@hotmail.com | T84: 1059703575 | U84: SANTIAGO | V84: 0 | W84: ROSSO | X84: VILLADA | Z84: 40034 | AA84: 17 | AB84: M | AC84: 11 | AD84: rossovsantiago@gmail.com | AF84: Despacho Programado | AG84: {=_xlfn.LET(_xlpm.n,COUNTIFS($B$2:$B84,$B84,$M$2:$M84,$M84),_xlpm.res,IF($M84=1,_xlfn._xlws.FILTER('TABLETAS ESTUDIANTES'!$C$2:$K$1000,'TABLETAS ESTUDIANTES'!$B$2:$B$1000=$B84),_xlfn._xlws.FILTER('PORTATIL ESTUDIANTES'!$C$2:$K$1000,'PORTATIL ESTUDIANTES'!$B$2:$B$1000=$B84)),IFERROR(INDEX(_xlpm.res,_xlpm.n,_xlfn.SEQUENCE(1,9)),""))} -> 117614000753 | AH84: INSTITUCION EDUCATIVA ESCUELA NORMAL SUPERIOR SAGRADO CORAZON - SEDE PRINCIPAL | AI84: Riosucio | AJ84: ENTIDAD TERRITORIAL | AK84: COMITÉ DE FOCALIZACION 2026 | AL84: 45030 | AM84: PORTÁTIL 14" HEWLETT PACKARD, PROBOOK 445 14 INCH G11 RYZEN 3 7335U - OC 148772 | AN84: 1 | AO84: 5CD5320L7N
A85: Línea 1 — Escuelas Normales Superiores | B85: 23072 | C85: Caldas | D85: CALDAS | E85: 17614 | F85: Riosucio | G85: 117614000753 | H85: INSTITUCION EDUCATIVA ESCUELA NORMAL SUPERIOR SAGRADO CORAZON | I85: 117614000753 | J85: INSTITUCION EDUCATIVA ESCUELA NORMAL SUPERIOR SAGRADO CORAZON - SEDE PRINCIPAL | K85: URBANA | L85: 1 | M85: - | N85: PAULA ANDREA LARGO NARANJO | O85: 1059698447 | P85: MADRE | Q85: CALLE 14A N 2-04 | R85: 3155289677 | S85: luizafer_815@hotmail.com | T85: 1059704036 | U85: JUAN | V85: JOSE | W85: HOYOS | X85: LARGO | Z85: 1/16/2010 | AA85: 16 | AB85: F | AC85: 11 | AD85: juanjo2000pezkoi@gmail.com | AF85: Despacho Programado | AG85: {=_xlfn.LET(_xlpm.n,COUNTIFS($B$2:$B85,$B85,$M$2:$M85,$M85),_xlpm.res,IF($M85=1,_xlfn._xlws.FILTER('TABLETAS ESTUDIANTES'!$C$2:$K$1000,'TABLETAS ESTUDIANTES'!$B$2:$B$1000=$B85),_xlfn._xlws.FILTER('PORTATIL ESTUDIANTES'!$C$2:$K$1000,'PORTATIL ESTUDIANTES'!$B$2:$B$1000=$B85)),IFERROR(INDEX(_xlpm.res,_xlpm.n,_xlfn.SEQUENCE(1,9)),""))} -> 117614000753 | AH85: INSTITUCION EDUCATIVA ESCUELA NORMAL SUPERIOR SAGRADO CORAZON - SEDE PRINCIPAL | AI85: Riosucio | AJ85: ENTIDAD TERRITORIAL | AK85: COMITÉ DE FOCALIZACION 2026 | AL85: 45030 | AM85: PORTÁTIL 14" HEWLETT PACKARD, PROBOOK 445 14 INCH G11 RYZEN 3 7335U - OC 148772 | AN85: 1 | AO85: 5CD5328V1J
A86: Línea 1 — Escuelas Normales Superiores | B86: 23072 | C86: Caldas | D86: CALDAS | E86: 17614 | F86: Riosucio | G86: 117614000753 | H86: INSTITUCION EDUCATIVA ESCUELA NORMAL SUPERIOR SAGRADO CORAZON | I86: 117614000753 | J86: INSTITUCION EDUCATIVA ESCUELA NORMAL SUPERIOR SAGRADO CORAZON - SEDE PRINCIPAL | K86: URBANA | L86: 1 | M86: - | N86: MARIBEL GARCIA HERNANDEZ | O86: 30384269 | P86: MADRE | Q86: Avenida Fundadores | R86: 3134199789 | S86: luizafer_815@hotmail.com | T86: 1059704234 | U86: LIZETH | V86: SAMANTHA | W86: VALENCIA | X86: GARCIA | Z86: 40485 | AA86: 16 | AB86: F | AC86: 11 | AD86: valenciagarcializethsamanta@gmail.com | AF86: Despacho Programado | AG86: {=_xlfn.LET(_xlpm.n,COUNTIFS($B$2:$B86,$B86,$M$2:$M86,$M86),_xlpm.res,IF($M86=1,_xlfn._xlws.FILTER('TABLETAS ESTUDIANTES'!$C$2:$K$1000,'TABLETAS ESTUDIANTES'!$B$2:$B$1000=$B86),_xlfn._xlws.FILTER('PORTATIL ESTUDIANTES'!$C$2:$K$1000,'PORTATIL ESTUDIANTES'!$B$2:$B$1000=$B86)),IFERROR(INDEX(_xlpm.res,_xlpm.n,_xlfn.SEQUENCE(1,9)),""))} -> 117614000753 | AH86: INSTITUCION EDUCATIVA ESCUELA NORMAL SUPERIOR SAGRADO CORAZON - SEDE PRINCIPAL | AI86: Riosucio | AJ86: ENTIDAD TERRITORIAL | AK86: COMITÉ DE FOCALIZACION 2026 | AL86: 45030 | AM86: PORTÁTIL 14" HEWLETT PACKARD, PROBOOK 445 14 INCH G11 RYZEN 3 7335U - OC 148772 | AN86: 1 | AO86: 5CD53276VR
A87: Línea 1 — Escuelas Normales Superiores | B87: 23072 | C87: Caldas | D87: CALDAS | E87: 17614 | F87: Riosucio | G87: 117614000753 | H87: INSTITUCION EDUCATIVA ESCUELA NORMAL SUPERIOR SAGRADO CORAZON | I87: 117614000753 | J87: INSTITUCION EDUCATIVA ESCUELA NORMAL SUPERIOR SAGRADO CORAZON - SEDE PRINCIPAL | K87: URBANA | L87: 1 | M87: - | N87: DERLY TATIANA | O87: 1059703568 | P87: MADRE | Q87: VEREDA LAS PARTIDAS | R87: 3044223572 | S87: luizafer_815@hotmail.com | T87: 1060536474 | U87: SEBASTIAN | V87: 0 | W87: CALVO | X87: LARGO | Z87: 39884 | AA87: 16 | AB87: M | AC87: 11 | AD87: sebasc03122009@gmail.com | AF87: Despacho Programado | AG87: {=_xlfn.LET(_xlpm.n,COUNTIFS($B$2:$B87,$B87,$M$2:$M87,$M87),_xlpm.res,IF($M87=1,_xlfn._xlws.FILTER('TABLETAS ESTUDIANTES'!$C$2:$K$1000,'TABLETAS ESTUDIANTES'!$B$2:$B$1000=$B87),_xlfn._xlws.FILTER('PORTATIL ESTUDIANTES'!$C$2:$K$1000,'PORTATIL ESTUDIANTES'!$B$2:$B$1000=$B87)),IFERROR(INDEX(_xlpm.res,_xlpm.n,_xlfn.SEQUENCE(1,9)),""))} -> 117614000753 | AH87: INSTITUCION EDUCATIVA ESCUELA NORMAL SUPERIOR SAGRADO CORAZON - SEDE PRINCIPAL | AI87: Riosucio | AJ87: ENTIDAD TERRITORIAL | AK87: COMITÉ DE FOCALIZACION 2026 | AL87: 45030 | AM87: PORTÁTIL 14" HEWLETT PACKARD, PROBOOK 445 14 INCH G11 RYZEN 3 7335U - OC 148772 | AN87: 1 | AO87: 5CD5320L9W
A88: Línea 1 — Escuelas Normales Superiores | B88: 23072 | C88: Caldas | D88: CALDAS | E88: 17614 | F88: Riosucio | G88: 117614000753 | H88: INSTITUCION EDUCATIVA ESCUELA NORMAL SUPERIOR SAGRADO CORAZON | I88: 117614000753 | J88: INSTITUCION EDUCATIVA ESCUELA NORMAL SUPERIOR SAGRADO CORAZON - SEDE PRINCIPAL | K88: URBANA | L88: 1 | M88: - | N88: ANA JOSEFA MONTOYA SALAZAR | O88: 65768289 | P88: MADRE | Q88: VEREDA QUIEBRALOMO | R88: 3148456563 | S88: luizafer_815@hotmail.com | T88: 1079097240 | U88: DIANA | V88: SOFIA | W88: MARTINEZ | X88: MONTOYA | Z88: 7/17/2010 | AA88: 16 | AB88: F | AC88: 11 | AD88: dianasofiamar96@gmail.com | AF88: Despacho Programado | AG88: {=_xlfn.LET(_xlpm.n,COUNTIFS($B$2:$B88,$B88,$M$2:$M88,$M88),_xlpm.res,IF($M88=1,_xlfn._xlws.FILTER('TABLETAS ESTUDIANTES'!$C$2:$K$1000,'TABLETAS ESTUDIANTES'!$B$2:$B$1000=$B88),_xlfn._xlws.FILTER('PORTATIL ESTUDIANTES'!$C$2:$K$1000,'PORTATIL ESTUDIANTES'!$B$2:$B$1000=$B88)),IFERROR(INDEX(_xlpm.res,_xlpm.n,_xlfn.SEQUENCE(1,9)),""))} -> 117614000753 | AH88: INSTITUCION EDUCATIVA ESCUELA NORMAL SUPERIOR SAGRADO CORAZON - SEDE PRINCIPAL | AI88: Riosucio | AJ88: ENTIDAD TERRITORIAL | AK88: COMITÉ DE FOCALIZACION 2026 | AL88: 45030 | AM88: PORTÁTIL 14" HEWLETT PACKARD, PROBOOK 445 14 INCH G11 RYZEN 3 7335U - OC 148772 | AN88: 1 | AO88: 5CD532775B

Sheet PORTATIL ESTUDIANTES
A1: Item | B1: Radicado | C1: Dane sede | D1: Lugar de Entrega | E1: Ubicacion institucional Educativa(P-D-M) | F1: N° Orden de Transporte | G1: Programa | H1: Referencia | I1: Descripcion | J1: Cantidad | K1: Serial
A2: 1 | B2: 21878 | C2: 117042000650 | D2: INSTITUCION EDUCATIVA ESCUELA NORMAL SUPERIOR REBECA SIERRA CARDONA - SEDE PRINCIPAL | E2: Anserma | F2: ENTIDAD TERRITORIAL | G2: COMITÉ DE FOCALIZACION 2026 | H2: 45030 | I2: PORTÁTIL 14" HEWLETT PACKARD, PROBOOK 445 14 INCH G11 RYZEN 3 7335U - OC 148772 | J2: 1 | K2: 5CD53293KF
A3: 2 | B3: 1181 | C3: 117050000316 | D3: INSTITUCION EDUCATIVA ESCUELA NORMAL SUPERIOR SAGRADO CORAZON - SEDE PRINCIPAL | E3: Aranzazu | F3: ENTIDAD TERRITORIAL | G3: COMITÉ DE FOCALIZACION 2026 | H3: 45030 | I3: PORTÁTIL 14" HEWLETT PACKARD, PROBOOK 445 14 INCH G11 RYZEN 3 7335U - OC 148772 | J3: 1 | K3: 5CD53276HP
A4: 3 | B4: 2994 | C4: 117380000185 | D4: INSTITUCION EDUCATIVA MARCO FIDEL SUAREZ - SEDE PRINCIPAL | E4: La Dorada | F4: ENTIDAD TERRITORIAL | G4: COMITÉ DE FOCALIZACION 2026 | H4: 45030 | I4: PORTÁTIL 14" HEWLETT PACKARD, PROBOOK 445 14 INCH G11 RYZEN 3 7335U - OC 148772 | J4: 1 | K4: 5CD53276QZ
A5: 4 | B5: 2994 | C5: 117380000185 | D5: INSTITUCION EDUCATIVA MARCO FIDEL SUAREZ - SEDE PRINCIPAL | E5: La Dorada | F5: ENTIDAD TERRITORIAL | G5: COMITÉ DE FOCALIZACION 2026 | H5: 45030 | I5: PORTÁTIL 14" HEWLETT PACKARD, PROBOOK 445 14 INCH G11 RYZEN 3 7335U - OC 148772 | J5: 1 | K5: 5CD5320L6M
A6: 5 | B6: 2994 | C6: 117380000185 | D6: INSTITUCION EDUCATIVA MARCO FIDEL SUAREZ - SEDE PRINCIPAL | E6: La Dorada | F6: ENTIDAD TERRITORIAL | G6: COMITÉ DE FOCALIZACION 2026 | H6: 45030 | I6: PORTÁTIL 14" HEWLETT PACKARD, PROBOOK 445 14 INCH G11 RYZEN 3 7335U - OC 148772 | J6: 1 | K6: C50VVLA#ABM
A7: 6 | B7: 9089 | C7: 217444000138 | D7: INSTITUCION EDUCATIVA EL PLACER - SEDE PRINCIPAL | E7: Marquetalia | F7: ENTIDAD TERRITORIAL | G7: COMITÉ DE FOCALIZACION 2026 | H7: 45030 | I7: PORTÁTIL 14" HEWLETT PACKARD, PROBOOK 445 14 INCH G11 RYZEN 3 7335U - OC 148772 | J7: 1 | K7: 5CD532768Y
A8: 7 | B8: 9089 | C8: 217444000138 | D8: INSTITUCION EDUCATIVA EL PLACER - SEDE PRINCIPAL | E8: Marquetalia | F8: ENTIDAD TERRITORIAL | G8: COMITÉ DE FOCALIZACION 2026 | H8: 45030 | I8: PORTÁTIL 14" HEWLETT PACKARD, PROBOOK 445 14 INCH G11 RYZEN 3 7335U - OC 148772 | J8: 1 | K8: 5CD53276Z1
A9: 8 | B9: 21879 | C9: 117495005407 | D9: INSTITUCIÓN EDUCATIVA SAN GERARDO MARIA MAYELA - SEDE PRINCIPAL | E9: Norcasia | F9: ENTIDAD TERRITORIAL | G9: COMITÉ DE FOCALIZACION 2026 | H9: 45030 | I9: PORTÁTIL 14" HEWLETT PACKARD, PROBOOK 445 14 INCH G11 RYZEN 3 7335U - OC 148772 | J9: 1 | K9: 5CD532766F
A10: 9 | B10: 21879 | C10: 117495005407 | D10: INSTITUCIÓN EDUCATIVA SAN GERARDO MARIA MAYELA - SEDE PRINCIPAL | E10: Norcasia | F10: ENTIDAD TERRITORIAL | G10: COMITÉ DE FOCALIZACION 2026 | H10: 45030 | I10: PORTÁTIL 14" HEWLETT PACKARD, PROBOOK 445 14 INCH G11 RYZEN 3 7335U - OC 148772 | J10: 1 | K10: 5CD5320LGS
A11: 10 | B11: 21879 | C11: 117495005407 | D11: INSTITUCIÓN EDUCATIVA SAN GERARDO MARIA MAYELA - SEDE PRINCIPAL | E11: Norcasia | F11: ENTIDAD TERRITORIAL | G11: COMITÉ DE FOCALIZACION 2026 | H11: 45030 | I11: PORTÁTIL 14" HEWLETT PACKARD, PROBOOK 445 14 INCH G11 RYZEN 3 7335U - OC 148772 | J11: 1 | K11: 5CD5328V62
A12: 11 | B12: 21879 | C12: 117495005407 | D12: INSTITUCIÓN EDUCATIVA SAN GERARDO MARIA MAYELA - SEDE PRINCIPAL | E12: Norcasia | F12: ENTIDAD TERRITORIAL | G12: COMITÉ DE FOCALIZACION 2026 | H12: 45030 | I12: PORTÁTIL 14" HEWLETT PACKARD, PROBOOK 445 14 INCH G11 RYZEN 3 7335U - OC 148772 | J12: 1 | K12: 5CD5320LFT
A13: 12 | B13: 21879 | C13: 117495005407 | D13: INSTITUCIÓN EDUCATIVA SAN GERARDO MARIA MAYELA - SEDE PRINCIPAL | E13: Norcasia | F13: ENTIDAD TERRITORIAL | G13: COMITÉ DE FOCALIZACION 2026 | H13: 45030 | I13: PORTÁTIL 14" HEWLETT PACKARD, PROBOOK 445 14 INCH G11 RYZEN 3 7335U - OC 148772 | J13: 1 | K13: 5CD5328V4X
... A31: 30 | B31: 33370 | C31: 217662000964 | D31: INSTITUCION EDUCATIVA FELIX NARANJO - SEDE PRINCIPAL | E31: Samaná | F31: ENTIDAD TERRITORIAL | G31: COMITÉ DE FOCALIZACION 2026 | H31: 45030 | I31: PORTÁTIL 14" HEWLETT PACKARD, PROBOOK 445 14 INCH G11 RYZEN 3 7335U - OC 148772 | J31: 1 | K31: 5CD53293V3

Sheet TABLETAS ESTUDIANTES
A1: Item | B1: Radicado | C1: Dane sede | D1: Lugar de Entrega | E1: Ubicacion institucional Educativa(P-D-M) | F1: N° Orden de Transporte | G1: Programa | H1: Referencia | I1: Descripcion | J1: Cantidad | K1: Serial
A2: 1 | B2: 86471 | C2: 117013000306 | D2: INSTITUCION EDUCATIVA MARINO GOMEZ ESTRADA - SEDE PRINCIPAL | E2: Aguadas | F2: ENTIDAD TERRITORIAL | G2: COMITÉ DE FOCALIZACION 2026 | H2: 45053 | I2: BT TABLETA LENOVO IDEA TAB PRO CTO 158-25 | J2: 1 | K2: HA2HES5G
A3: 2 | B3: 86471 | C3: 117013000306 | D3: INSTITUCION EDUCATIVA MARINO GOMEZ ESTRADA - SEDE PRINCIPAL | E3: Aguadas | F3: ENTIDAD TERRITORIAL | G3: COMITÉ DE FOCALIZACION 2026 | H3: 45053 | I3: BT TABLETA LENOVO IDEA TAB PRO CTO 158-25 | J3: 1 | K3: HA2HDZEV
A4: 3 | B4: 32741 | C4: 117088000255 | D4: INSTITUCION EDUCATIVA CRISTO REY - SEDE PRINCIPAL | E4: Belalcázar | F4: ENTIDAD TERRITORIAL | G4: COMITÉ DE FOCALIZACION 2026 | H4: 45053 | I4: BT TABLETA LENOVO IDEA TAB PRO CTO 158-25 | J4: 1 | K4: HA2HF5YE
A5: 4 | B5: 32741 | C5: 117088000255 | D5: INSTITUCION EDUCATIVA CRISTO REY - SEDE PRINCIPAL | E5: Belalcázar | F5: ENTIDAD TERRITORIAL | G5: COMITÉ DE FOCALIZACION 2026 | H5: 45053 | I5: BT TABLETA LENOVO IDEA TAB PRO CTO 158-25 | J5: 1 | K5: HA2HFL9K
A6: 5 | B6: 32741 | C6: 117088000255 | D6: INSTITUCION EDUCATIVA CRISTO REY - SEDE PRINCIPAL | E6: Belalcázar | F6: ENTIDAD TERRITORIAL | G6: COMITÉ DE FOCALIZACION 2026 | H6: 45053 | I6: BT TABLETA LENOVO IDEA TAB PRO CTO 158-25 | J6: 1 | K6: HA2HF3WN
A7: 6 | B7: 32741 | C7: 117088000255 | D7: INSTITUCION EDUCATIVA CRISTO REY - SEDE PRINCIPAL | E7: Belalcázar | F7: ENTIDAD TERRITORIAL | G7: COMITÉ DE FOCALIZACION 2026 | H7: 45053 | I7: BT TABLETA LENOVO IDEA TAB PRO CTO 158-25 | J7: 1 | K7: HA2HEQ33
A8: 7 | B8: 32751 | C8: 117174000292 | D8: INSTITUCIÓN EDUCATIVA SAN FRANCISCO DE PAULA - SEDE PRINCIPAL | E8: Chinchiná | F8: ENTIDAD TERRITORIAL | G8: COMITÉ DE FOCALIZACION 2026 | H8: 45053 | I8: BT TABLETA LENOVO IDEA TAB PRO CTO 158-25 | J8: 1 | K8: HA2HFZ91
A9: 8 | B9: 18499 | C9: 117174000349 | D9: INSTITUCIÓN EDUCATIVA SANTA TERESITA - SEDE PRINCIPAL | E9: Chinchiná | F9: ENTIDAD TERRITORIAL | G9: COMITÉ DE FOCALIZACION 2026 | H9: 45053 | I9: BT TABLETA LENOVO IDEA TAB PRO CTO 158-25 | J9: 1 | K9: HA2HG0GP
A10: 9 | B10: 18499 | C10: 117174000349 | D10: INSTITUCIÓN EDUCATIVA SANTA TERESITA - SEDE PRINCIPAL | E10: Chinchiná | F10: ENTIDAD TERRITORIAL | G10: COMITÉ DE FOCALIZACION 2026 | H10: 45053 | I10: BT TABLETA LENOVO IDEA TAB PRO CTO 158-25 | J10: 1 | K10: HA2HES59
A11: 10 | B11: 18499 | C11: 117174000349 | D11: INSTITUCIÓN EDUCATIVA SANTA TERESITA - SEDE PRINCIPAL | E11: Chinchiná | F11: ENTIDAD TERRITORIAL | G11: COMITÉ DE FOCALIZACION 2026 | H11: 45053 | I11: BT TABLETA LENOVO IDEA TAB PRO CTO 158-25 | J11: 1 | K11: HA2HDZLA
A12: 11 | B12: 18499 | C12: 117174000349 | D12: INSTITUCIÓN EDUCATIVA SANTA TERESITA - SEDE PRINCIPAL | E12: Chinchiná | F12: ENTIDAD TERRITORIAL | G12: COMITÉ DE FOCALIZACION 2026 | H12: 45053 | I12: BT TABLETA LENOVO IDEA TAB PRO CTO 158-25 | J12: 1 | K12: HA2HGSRY
A13: 12 | B13: 18499 | C13: 117174000349 | D13: INSTITUCIÓN EDUCATIVA SANTA TERESITA - SEDE PRINCIPAL | E13: Chinchiná | F13: ENTIDAD TERRITORIAL | G13: COMITÉ DE FOCALIZACION 2026 | H13: 45053 | I13: BT TABLETA LENOVO IDEA TAB PRO CTO 158-25 | J13: 1 | K13: HA2HDHTY
... A35: 34 | B35: 84728 | C35: 117614000711 | D35: INSTITUCION EDUCATIVA LOS FUNDADORES - SEDE PRINCIPAL | E35: Riosucio | F35: ENTIDAD TERRITORIAL | G35: COMITÉ DE FOCALIZACION 2026 | H35: 45053 | I35: BT TABLETA LENOVO IDEA TAB PRO CTO 158-25 | J35: 1 | K35: HA2HFAZX
A36: 35 | B36: 16909 | C36: 117616000696 | D36: INSTITUCION EDUCATIVA MARIA INMACULADA - SEDE PRINCIPAL | E36: Risaralda | F36: ENTIDAD TERRITORIAL | G36: COMITÉ DE FOCALIZACION 2026 | H36: HA2HGSSK | I36: BT TABLETA LENOVO IDEA TAB PRO CTO 158-25 | J36: 1 | K36: HA2HES87
A37: 36 | B37: 16909 | C37: 117616000696 | D37: INSTITUCION EDUCATIVA MARIA INMACULADA - SEDE PRINCIPAL | E37: Risaralda | F37: ENTIDAD TERRITORIAL | G37: COMITÉ DE FOCALIZACION 2026 | H37: 45053 | I37: BT TABLETA LENOVO IDEA TAB PRO CTO 158-25 | J37: 1 | K37: HA2HGSSK
A38: 37 | B38: 10229 | C38: 117653000647 | D38: INSTITUCION EDUCATIVA DE LA PRESENTACION - SEDE PRINCIPAL | E38: Salamina | F38: ENTIDAD TERRITORIAL | G38: COMITÉ DE FOCALIZACION 2026 | H38: 45053 | I38: BT TABLETA LENOVO IDEA TAB PRO CTO 158-25 | J38: 1 | K38: HA2HGSH6
A39: 38 | B39: 10229 | C39: 117653000647 | D39: INSTITUCION EDUCATIVA DE LA PRESENTACION - SEDE PRINCIPAL | E39: Salamina | F39: ENTIDAD TERRITORIAL | G39: COMITÉ DE FOCALIZACION 2026 | H39: 45053 | I39: BT TABLETA LENOVO IDEA TAB PRO CTO 158-25 | J39: 1 | K39: HA2HFZCX
A40: 39 | B40: 10229 | C40: 117653000647 | D40: INSTITUCION EDUCATIVA DE LA PRESENTACION - SEDE PRINCIPAL | E40: Salamina | F40: ENTIDAD TERRITORIAL | G40: COMITÉ DE FOCALIZACION 2026 | H40: 45053 | I40: BT TABLETA LENOVO IDEA TAB PRO CTO 158-25 | J40: 1 | K40: HA2HEL54
A41: 40 | B41: 10229 | C41: 117653000647 | D41: INSTITUCION EDUCATIVA DE LA PRESENTACION - SEDE PRINCIPAL | E41: Salamina | F41: ENTIDAD TERRITORIAL | G41: COMITÉ DE FOCALIZACION 2026 | H41: 45053 | I41: BT TABLETA LENOVO IDEA TAB PRO CTO 158-25 | J41: 1 | K41: HA2HFD2A
A42: 41 | B42: 10229 | C42: 117653000647 | D42: INSTITUCION EDUCATIVA DE LA PRESENTACION - SEDE PRINCIPAL | E42: Salamina | F42: ENTIDAD TERRITORIAL | G42: COMITÉ DE FOCALIZACION 2026 | H42: 45053 | I42: BT TABLETA LENOVO IDEA TAB PRO CTO 158-25 | J42: 1 | K42: HA2HCYLP
A43: 42 | B43: 10229 | C43: 117653000647 | D43: INSTITUCION EDUCATIVA DE LA PRESENTACION - SEDE PRINCIPAL | E43: Salamina | F43: ENTIDAD TERRITORIAL | G43: COMITÉ DE FOCALIZACION 2026 | H43: 45053 | I43: BT TABLETA LENOVO IDEA TAB PRO CTO 158-25 | J43: 1 | K43: HA2HFJFN
A44: 43 | B44: 10229 | C44: 117653000647 | D44: INSTITUCION EDUCATIVA DE LA PRESENTACION - SEDE PRINCIPAL | E44: Salamina | F44: ENTIDAD TERRITORIAL | G44: COMITÉ DE FOCALIZACION 2026 | H44: 45053 | I44: BT TABLETA LENOVO IDEA TAB PRO CTO 158-25 | J44: 1 | K44: HA2HGRGK
A45: 44 | B45: 10229 | C45: 117653000647 | D45: INSTITUCION EDUCATIVA DE LA PRESENTACION - SEDE PRINCIPAL | E45: Salamina | F45: ENTIDAD TERRITORIAL | G45: COMITÉ DE FOCALIZACION 2026 | H45: 45053 | I45: BT TABLETA LENOVO IDEA TAB PRO CTO 158-25 | J45: 1 | K45: HA2HEN15
A46: 45 | B46: 10229 | C46: 117653000647 | D46: INSTITUCION EDUCATIVA DE LA PRESENTACION - SEDE PRINCIPAL | E46: Salamina | F46: ENTIDAD TERRITORIAL | G46: COMITÉ DE FOCALIZACION 2026 | H46: 45053 | I46: BT TABLETA LENOVO IDEA TAB PRO CTO 158-25 | J46: 1 | K46: HA2HG1J2
A47: 46 | B47: 10229 | C47: 117653000647 | D47: INSTITUCION EDUCATIVA DE LA PRESENTACION - SEDE PRINCIPAL | E47: Salamina | F47: ENTIDAD TERRITORIAL | G47: COMITÉ DE FOCALIZACION 2026 | H47: 45053 | I47: BT TABLETA LENOVO IDEA TAB PRO CTO 158-25 | J47: 1 | K47: HA2HFZ8J
A48: 47 | B48: 94788 | C48: 117662002792 | D48: INSTITUCION EDUCATIVA SAN AGUSTIN - SEDE PRINCIPAL | E48: Samaná | F48: ENTIDAD TERRITORIAL | G48: COMITÉ DE FOCALIZACION 2026 | H48: 45053 | I48: BT TABLETA LENOVO IDEA TAB PRO CTO 158-25 | J48: 1 | K48: HA2HDMYZ
... A58: 57 | B58: 21883 | C58: 117877000103 | D58: INSTITUCION EDUCATIVA LA MILAGROSA - SEDE PRINCIPAL | E58: Viterbo | F58: ENTIDAD TERRITORIAL | G58: COMITÉ DE FOCALIZACION 2026 | H58: 45053 | I58: BT TABLETA LENOVO IDEA TAB PRO CTO 158-25 | J58: 1 | K58: HA2HFW5P

Sheet BOLSA TECNOLOGICA
A1: Item | B1: Radicado | C1: Dane Sede | D1: Lugar de Entrega | E1: Ubicacion institucional Educativa(P-D-M) | F1: N° Orden de Transporte | G1: Programa | H1: Referencia | I1: Descripcion | J1: Cantidad | K1: Serial
A2: 1 | B2: 84716 | C2: 217614000723 | D2: INSTITUCION EDUCATIVA BONAFONT - INSTITUCION EDUCATIVA BONAFONT - SEDE PRINCIPAL | E2: Riosucio - Caldas | F2: ENTIDAD TERRITORIAL | G2: Comité de focalizacion 2026 | H2: 45055 | I2: BT IMPRESORA 3D CTO 158-25 | J2: 1 | K2: Q2 24841
A3: 2 | B3: 84716 | C3: 217614000723 | D3: INSTITUCION EDUCATIVA BONAFONT - INSTITUCION EDUCATIVA BONAFONT - SEDE PRINCIPAL | E3: Riosucio - Caldas | F3: ENTIDAD TERRITORIAL | G3: Comité de focalizacion 2026 | H3: 45056 | I3: BT KIT DE FILAMENTO PLA CTO 158-25 | J3: 1 | K3: PLA385
A4: 3 | B4: 84716 | C4: 217614000723 | D4: INSTITUCION EDUCATIVA BONAFONT - INSTITUCION EDUCATIVA BONAFONT - SEDE PRINCIPAL | E4: Riosucio - Caldas | F4: ENTIDAD TERRITORIAL | G4: Comité de focalizacion 2026 | H4: 45117 | I4: BT KIT DE 45 SENSORES PARA ARDUINO Y RASPBERRY PI + PLACA ARDUINO CTO 158-25 | J4: 1 | K4: BT25-KAR-434
A5: 4 | B5: 84716 | C5: 217614000723 | D5: INSTITUCION EDUCATIVA BONAFONT - INSTITUCION EDUCATIVA BONAFONT - SEDE PRINCIPAL | E5: Riosucio - Caldas | F5: ENTIDAD TERRITORIAL | G5: Comité de focalizacion 2026 | H5: 45117 | I5: BT KIT DE 45 SENSORES PARA ARDUINO Y RASPBERRY PI + PLACA ARDUINO CTO 158-25 | J5: 1 | K5: BT25-KAR-435
A6: 5 | B6: 84716 | C6: 217614000723 | D6: INSTITUCION EDUCATIVA BONAFONT - INSTITUCION EDUCATIVA BONAFONT - SEDE PRINCIPAL | E6: Riosucio - Caldas | F6: ENTIDAD TERRITORIAL | G6: Comité de focalizacion 2026 | H6: 45117 | I6: BT KIT DE 45 SENSORES PARA ARDUINO Y RASPBERRY PI + PLACA ARDUINO CTO 158-25 | J6: 1 | K6: BT25-KAR-529
A7: 6 | B7: 84716 | C7: 217614000723 | D7: INSTITUCION EDUCATIVA BONAFONT - INSTITUCION EDUCATIVA BONAFONT - SEDE PRINCIPAL | E7: Riosucio - Caldas | F7: ENTIDAD TERRITORIAL | G7: Comité de focalizacion 2026 | H7: 45117 | I7: BT KIT DE 45 SENSORES PARA ARDUINO Y RASPBERRY PI + PLACA ARDUINO CTO 158-25 | J7: 1 | K7: BT25-KAR-471
A8: 7 | B8: 18811 | C8: 217272000106 | D8: INSTITUCION EDUCATIVA CRISANTO LUQUE - INSTITUCION EDUCATIVA CRISANTO LUQUE - SEDE PRINCIPAL | E8: Filadelfia - Caldas | F8: ENTIDAD TERRITORIAL | G8: Comité de focalizacion 2026 | H8: 45056 | I8: BT KIT DE FILAMENTO PLA CTO 158-25 | J8: 1 | K8: PLA285
A9: 8 | B9: 18811 | C9: 217272000106 | D9: INSTITUCION EDUCATIVA CRISANTO LUQUE - INSTITUCION EDUCATIVA CRISANTO LUQUE - SEDE PRINCIPAL | E9: Filadelfia - Caldas | F9: ENTIDAD TERRITORIAL | G9: Comité de focalizacion 2026 | H9: 45083 | I9: BT KIT AVANZADO DE 45 SENSORES PARA MICRO:BIT CTO 158-25 | J9: 1 | K9: BT25-KSM-122
A10: 9 | B10: 18811 | C10: 217272000106 | D10: INSTITUCION EDUCATIVA CRISANTO LUQUE - INSTITUCION EDUCATIVA CRISANTO LUQUE - SEDE PRINCIPAL | E10: Filadelfia - Caldas | F10: ENTIDAD TERRITORIAL | G10: Comité de focalizacion 2026 | H10: 45083 | I10: BT KIT AVANZADO DE 45 SENSORES PARA MICRO:BIT CTO 158-25 | J10: 1 | K10: BT25-KSM-093
A11: 10 | B11: 18811 | C11: 217272000106 | D11: INSTITUCION EDUCATIVA CRISANTO LUQUE - INSTITUCION EDUCATIVA CRISANTO LUQUE - SEDE PRINCIPAL | E11: Filadelfia - Caldas | F11: ENTIDAD TERRITORIAL | G11: Comité de focalizacion 2026 | H11: 45083 | I11: BT KIT AVANZADO DE 45 SENSORES PARA MICRO:BIT CTO 158-25 | J11: 1 | K11: BT25-KSM-565
A12: 11 | B12: 18811 | C12: 217272000106 | D12: INSTITUCION EDUCATIVA CRISANTO LUQUE - INSTITUCION EDUCATIVA CRISANTO LUQUE - SEDE PRINCIPAL | E12: Filadelfia - Caldas | F12: ENTIDAD TERRITORIAL | G12: Comité de focalizacion 2026 | H12: 45083 | I12: BT KIT AVANZADO DE 45 SENSORES PARA MICRO:BIT CTO 158-25 | J12: 1 | K12: BT25-KSM-559
A13: 12 | B13: 18811 | C13: 217272000106 | D13: INSTITUCION EDUCATIVA CRISANTO LUQUE - INSTITUCION EDUCATIVA CRISANTO LUQUE - SEDE PRINCIPAL | E13: Filadelfia - Caldas | F13: ENTIDAD TERRITORIAL | G13: Comité de focalizacion 2026 | H13: 45083 | I13: BT KIT AVANZADO DE 45 SENSORES PARA MICRO:BIT CTO 158-25 | J13: 1 | K13: BT25-KSM-709
... A41: 40 | B41: 690 | C41: 117777000734 | D41: INSTITUCION EDUCATIVA SUPIA - INSTITUCION EDUCATIVA SUPIA - SEDE PRINCIPAL | E41: Supía - Caldas | F41: ENTIDAD TERRITORIAL | G41: Comité de focalizacion 2026 | H41: 45105 | I41: BT MEMORIAS USD 128 GB CTO 158-25 | J41: 2 | K41: 454 Y455
A42: 41 | B42: 690 | C42: 117777000734 | D42: INSTITUCION EDUCATIVA SUPIA - INSTITUCION EDUCATIVA SUPIA - SEDE PRINCIPAL | E42: Supía - Caldas | F42: ENTIDAD TERRITORIAL | G42: Comité de focalizacion 2026 | H42: 45127 | I42: BT ESTUCHE DE TRANSPORTE CAMARA INDIVIDUAL CTO 158-25 | J42: 1 | K42: 26
A43: 42 | B43: 690 | C43: 117777000734 | D43: INSTITUCION EDUCATIVA SUPIA - INSTITUCION EDUCATIVA SUPIA - SEDE PRINCIPAL | E43: Supía - Caldas | F43: ENTIDAD TERRITORIAL | G43: Comité de focalizacion 2026 | H43: 45057 | I43: BT VIDEOPROYECTOR CTO 158-25 | J43: 1 | K43: XFW260101234
A44: 43 | B44: 86474 | C44: 217486000651 | D44: INSTITUCION EDUCATIVA PUEBLO RICO - INSTITUCION EDUCATIVA PUEBLO RICO - SEDE PRINCIPAL | E44: Neira - Caldas | F44: ENTIDAD TERRITORIAL | G44: Comité de focalizacion 2026 | H44: 45058 | I44: BT SMART TV CTO 158-25 | J44: 1 | K44: 0HU03CEL300013
A45: 44 | B45: 86474 | C45: 217486000651 | D45: INSTITUCION EDUCATIVA PUEBLO RICO - INSTITUCION EDUCATIVA PUEBLO RICO - SEDE PRINCIPAL | E45: Neira - Caldas | F45: ENTIDAD TERRITORIAL | G45: Comité de focalizacion 2026 | H45: 45089 | I45: BT SPORTE MOVIL SMART TV CTO 158-25 | J45: 1 | K45: STV-CPE-090
A46: 45 | B46: 86474 | C46: 217486000651 | D46: INSTITUCION EDUCATIVA PUEBLO RICO - INSTITUCION EDUCATIVA PUEBLO RICO - SEDE PRINCIPAL | E46: Neira - Caldas | F46: ENTIDAD TERRITORIAL | G46: Comité de focalizacion 2026 | H46: 45070 | I46: BT KIT DE MANTENIMIENTO CTO 158-25 | J46: 1 | K46: BT25
A47: 46 | B47: 10704 | C47: 217662000590 | D47: INSTITUCION EDUCATIVA PIO XII - POSPRIMARIA LA REINA | E47: Samaná - Caldas | F47: ENTIDAD TERRITORIAL | G47: Comité de focalizacion 2026 | H47: 45058 | I47: BT SMART TV CTO 158-25 | J47: 1 | K47: 0KBC3CDL400226
A48: 47 | B48: 10704 | C48: 217662000590 | D48: INSTITUCION EDUCATIVA PIO XII - POSPRIMARIA LA REINA | E48: Samaná - Caldas | F48: ENTIDAD TERRITORIAL | G48: Comité de focalizacion 2026 | H48: 45089 | I48: BT SPORTE MOVIL SMART TV CTO 158-25 | J48: 1 | K48: STV-CPE-874
A49: 48 | B49: 10704 | C49: 217662000590 | D49: INSTITUCION EDUCATIVA PIO XII - POSPRIMARIA LA REINA | E49: Samaná - Caldas | F49: ENTIDAD TERRITORIAL | G49: Comité de focalizacion 2026 | H49: 45068 | I49: BT DISCO DURO EXTERNO 1 TB CTO 158-25 | J49: 1 | K49: 1P4221302272
A50: 49 | B50: 16136 | C50: 117050000278 | D50: INSTITUCION EDUCATIVA ESCUELA NORMAL SUPERIOR SAGRADO CORAZON - ESCUELA ANEXA POLICARPA SALAVARRIETA | E50: Aranzazu - Caldas | F50: ENTIDAD TERRITORIAL | G50: Comité de focalizacion 2026 | H50: 45057 | I50: BT VIDEOPROYECTOR CTO 158-25 | J50: 1 | K50: XFW260101851
A51: 50 | B51: 16136 | C51: 117050000278 | D51: INSTITUCION EDUCATIVA ESCUELA NORMAL SUPERIOR SAGRADO CORAZON - ESCUELA ANEXA POLICARPA SALAVARRIETA | E51: Aranzazu - Caldas | F51: ENTIDAD TERRITORIAL | G51: Comité de focalizacion 2026 | H51: 45083 | I51: BT KIT AVANZADO DE 45 SENSORES PARA MICRO:BIT CTO 158-25 | J51: 1 | K51: BT25-KSM-553
A52: 51 | B52: 16136 | C52: 117050000278 | D52: INSTITUCION EDUCATIVA ESCUELA NORMAL SUPERIOR SAGRADO CORAZON - ESCUELA ANEXA POLICARPA SALAVARRIETA | E52: Aranzazu - Caldas | F52: ENTIDAD TERRITORIAL | G52: Comité de focalizacion 2026 | H52: 45083 | I52: BT KIT AVANZADO DE 45 SENSORES PARA MICRO:BIT CTO 158-25 | J52: 1 | K52: BT25-KSM-116
A53: 52 | B53: 16136 | C53: 117050000278 | D53: INSTITUCION EDUCATIVA ESCUELA NORMAL SUPERIOR SAGRADO CORAZON - ESCUELA ANEXA POLICARPA SALAVARRIETA | E53: Aranzazu - Caldas | F53: ENTIDAD TERRITORIAL | G53: Comité de focalizacion 2026 | H53: 45083 | I53: BT KIT AVANZADO DE 45 SENSORES PARA MICRO:BIT CTO 158-25 | J53: 1 | K53: BT25-KSM-601
A54: 53 | B54: 16136 | C54: 117050000278 | D54: INSTITUCION EDUCATIVA ESCUELA NORMAL SUPERIOR SAGRADO CORAZON - ESCUELA ANEXA POLICARPA SALAVARRIETA | E54: Aranzazu - Caldas | F54: ENTIDAD TERRITORIAL | G54: Comité de focalizacion 2026 | H54: 45083 | I54: BT KIT AVANZADO DE 45 SENSORES PARA MICRO:BIT CTO 158-25 | J54: 1 | K54: BT25-KSM-577
... A68: 67 | B68: 32691 | C68: 217042000760 | D68: INSTITUCION EDUCATIVA OCUZCA - LA TOLDA | E68: Anserma - Caldas | F68: ENTIDAD TERRITORIAL | G68: Comité de focalizacion 2026 | H68: 45105 | I68: BT MEMORIAS USD 128 GB CTO 158-25 | J68: 2 | K68: 1381 Y 1400
A69: 68 | B69: 32691 | C69: 217042000760 | D69: INSTITUCION EDUCATIVA OCUZCA - LA TOLDA | E69: Anserma - Caldas | F69: ENTIDAD TERRITORIAL | G69: Comité de focalizacion 2026 | H69: 45127 | I69: BT ESTUCHE DE TRANSPORTE CAMARA INDIVIDUAL CTO 158-25 | J69: 1 | K69: 33
A70: 69 | B70: 32691 | C70: 217042000760 | D70: INSTITUCION EDUCATIVA OCUZCA - LA TOLDA | E70: Anserma - Caldas | F70: ENTIDAD TERRITORIAL | G70: Comité de focalizacion 2026 | H70: 45059 | I70: BT PANTALLA INTERACTIVA CTO 158-25 | J70: 1 | K70: EM260401026500345
A71: 70 | B71: 32691 | C71: 217042000760 | D71: INSTITUCION EDUCATIVA OCUZCA - LA TOLDA | E71: Anserma - Caldas | F71: ENTIDAD TERRITORIAL | G71: Comité de focalizacion 2026 | H71: 45090 | I71: BT SPORTE MOVIL PANTALLA INTERACTIVA CTO 158-25 | J71: 1 | K71: EMSPICPE0435
A72: 71 | B72: 33093 | C72: 217662002258 | D72: INSTITUCION EDUCATIVA LA ESTRELLA - ESCUELA RURAL QUIEBRA DE ROQUE | E72: Norcasia - Caldas | F72: ENTIDAD TERRITORIAL | G72: Comité de focalizacion 2026 | H72: 45052 | I72: BT PORTATIL DE DISEÑO LENOVO THINKPAD P16S CTO 158-25 | J72: 1 | K72: PF6C884J
A73: 72 | B73: 10968 | C73: 217513000676 | D73: INSTITUCION EDUCATIVA FRANCISCO JOSE DE CALDAS - INSTITUCIÓN EDUCATIVA FRANCISCO JOSE DE CALDAS - SEDE PRINCIPAL | E73: Pácora - Caldas | F73: ENTIDAD TERRITORIAL | G73: Comité de focalizacion 2026 | H73: 45116 | I73: BT JUEGO DE MESA EDUCATIVO STEM CTO 158-25 | J73: 1 | K73: BT25-JES-057
A74: 73 | B74: 10968 | C74: 217513000676 | D74: INSTITUCION EDUCATIVA FRANCISCO JOSE DE CALDAS - INSTITUCIÓN EDUCATIVA FRANCISCO JOSE DE CALDAS - SEDE PRINCIPAL | E74: Pácora - Caldas | F74: ENTIDAD TERRITORIAL | G74: Comité de focalizacion 2026 | H74: 45116 | I74: BT JUEGO DE MESA EDUCATIVO STEM CTO 158-25 | J74: 1 | K74: BT25-JES-027
A75: 74 | B75: 6670 | C75: 117486000028 | D75: INSTITUCION EDUCATIVA NEIRA - ESCUELA JOSÉ MARÍA CÓRDOBA | E75: Neira - Caldas | F75: ENTIDAD TERRITORIAL | G75: Comité de focalizacion 2026 | H75: 45059 | I75: BT PANTALLA INTERACTIVA CTO 158-25 | J75: 1 | K75: EM260401026500404
A76: 75 | B76: 6670 | C76: 117486000028 | D76: INSTITUCION EDUCATIVA NEIRA - ESCUELA JOSÉ MARÍA CÓRDOBA | E76: Neira - Caldas | F76: ENTIDAD TERRITORIAL | G76: Comité de focalizacion 2026 | H76: 45090 | I76: BT SPORTE MOVIL PANTALLA INTERACTIVA CTO 158-25 | J76: 1 | K76: EMSPICPE0212
A77: 76 | B77: 13813 | C77: 217088000098 | D77: INSTITUCION EDUCATIVA EL MADROÑO - INSTITUCION EDUCATIVA EL MADROÑO - SEDE PRINCIPAL | E77: Belalcázar - Caldas | F77: ENTIDAD TERRITORIAL | G77: Comité de focalizacion 2026 | H77: 45094 | I77: BT CONSOLA DE AUDIO CTO 158-25 | J77: 1 | K77: 010019T0601ACW
A78: 77 | B78: 13813 | C78: 217088000098 | D78: INSTITUCION EDUCATIVA EL MADROÑO - INSTITUCION EDUCATIVA EL MADROÑO - SEDE PRINCIPAL | E78: Belalcázar - Caldas | F78: ENTIDAD TERRITORIAL | G78: Comité de focalizacion 2026 | H78: 45093 | I78: BT MICRÓFONO CONDENSADOR CTO 158-25 | J78: 1 | K78: 01008P50504AAE
A79: 78 | B79: 13813 | C79: 217088000098 | D79: INSTITUCION EDUCATIVA EL MADROÑO - INSTITUCION EDUCATIVA EL MADROÑO - SEDE PRINCIPAL | E79: Belalcázar - Caldas | F79: ENTIDAD TERRITORIAL | G79: Comité de focalizacion 2026 | H79: 45111 | I79: BT GRABADORA PORTÁTIL ESTÉREO CTO 158-25 | J79: 1 | K79: GPE477
A80: 79 | B80: 13813 | C80: 217088000098 | D80: INSTITUCION EDUCATIVA EL MADROÑO - INSTITUCION EDUCATIVA EL MADROÑO - SEDE PRINCIPAL | E80: Belalcázar - Caldas | F80: ENTIDAD TERRITORIAL | G80: Comité de focalizacion 2026 | H80: 45124 | I80: BT AUDÍFONOS TIPO DIADEMA KAD CTO 158-25 | J80: 1 | K80: BT25-KADMO1-035
A81: 80 | B81: 13813 | C81: 217088000098 | D81: INSTITUCION EDUCATIVA EL MADROÑO - INSTITUCION EDUCATIVA EL MADROÑO - SEDE PRINCIPAL | E81: Belalcázar - Caldas | F81: ENTIDAD TERRITORIAL | G81: Comité de focalizacion 2026 | H81: 45101 | I81: BT SOPORTE PARA MICRÓFONO ARTICULADO CTO 158-25 | J81: 1 | K81: NO APLICA
A82: 81 | B82: 13813 | C82: 217088000098 | D82: INSTITUCION EDUCATIVA EL MADROÑO - INSTITUCION EDUCATIVA EL MADROÑO - SEDE PRINCIPAL | E82: Belalcázar - Caldas | F82: ENTIDAD TERRITORIAL | G82: Comité de focalizacion 2026 | H82: 45102 | I82: BT PROTECTOR MICROFONO CONDENSADOR CTO 158-25 | J82: 1 | K82: NO APLICA
A83: 82 | B83: 13813 | C83: 217088000098 | D83: INSTITUCION EDUCATIVA EL MADROÑO - INSTITUCION EDUCATIVA EL MADROÑO - SEDE PRINCIPAL | E83: Belalcázar - Caldas | F83: ENTIDAD TERRITORIAL | G83: Comité de focalizacion 2026 | H83: 45113 | I83: BT COMBO CARGADOR PILAS RECARGABLES CTO 158-25 | J83: 1 | K83: 178
A84: 83 | B84: 13813 | C84: 217088000098 | D84: INSTITUCION EDUCATIVA EL MADROÑO - INSTITUCION EDUCATIVA EL MADROÑO - SEDE PRINCIPAL | E84: Belalcázar - Caldas | F84: ENTIDAD TERRITORIAL | G84: Comité de focalizacion 2026 | H84: 45092 | I84: BT CABINA ACTIVA CTO 158-25 | J84: 1 | K84: ´2025102480070148
A85: 84 | B85: 13813 | C85: 217088000098 | D85: INSTITUCION EDUCATIVA EL MADROÑO - INSTITUCION EDUCATIVA EL MADROÑO - SEDE PRINCIPAL | E85: Belalcázar - Caldas | F85: ENTIDAD TERRITORIAL | G85: Comité de focalizacion 2026 | H85: 45058 | I85: BT SMART TV CTO 158-25 | J85: 1 | K85: 0KBC3CDL400338
A86: 85 | B86: 13813 | C86: 217088000098 | D86: INSTITUCION EDUCATIVA EL MADROÑO - INSTITUCION EDUCATIVA EL MADROÑO - SEDE PRINCIPAL | E86: Belalcázar - Caldas | F86: ENTIDAD TERRITORIAL | G86: Comité de focalizacion 2026 | H86: 45089 | I86: BT SPORTE MOVIL SMART TV CTO 158-25 | J86: 1 | K86: STV-CPE-413
A87: 86 | B87: 14234 | C87: 217444000278 | D87: INSTITUCION EDUCATIVA PATIO BONITO - INSTITUCION EDUCATIVA PATIO BONITO - SEDE PRINCIPAL | E87: Marquetalia - Caldas | F87: ENTIDAD TERRITORIAL | G87: Comité de focalizacion 2026 | H87: 45099 | I87: BT CAMARA FOTOGRAFICA SONY CTO 158-25 | J87: 1 | K87: S014969418R
A88: 87 | B88: 14234 | C88: 217444000278 | D88: INSTITUCION EDUCATIVA PATIO BONITO - INSTITUCION EDUCATIVA PATIO BONITO - SEDE PRINCIPAL | E88: Marquetalia - Caldas | F88: ENTIDAD TERRITORIAL | G88: Comité de focalizacion 2026 | H88: 45103 | I88: BT LENTE CAMARA FOTOGRAFICA 18105 CTO 158-25 | J88: 1 | K88: S012509506D
A89: 88 | B89: 14234 | C89: 217444000278 | D89: INSTITUCION EDUCATIVA PATIO BONITO - INSTITUCION EDUCATIVA PATIO BONITO - SEDE PRINCIPAL | E89: Marquetalia - Caldas | F89: ENTIDAD TERRITORIAL | G89: Comité de focalizacion 2026 | H89: 45107 | I89: BT CARGADORES CÁMARA FOTOGRÁFICA CTO 158-25 | J89: 1 | K89: 14932504625085PA1000598
A90: 89 | B90: 14234 | C90: 217444000278 | D90: INSTITUCION EDUCATIVA PATIO BONITO - INSTITUCION EDUCATIVA PATIO BONITO - SEDE PRINCIPAL | E90: Marquetalia - Caldas | F90: ENTIDAD TERRITORIAL | G90: Comité de focalizacion 2026 | H90: 45106 | I90: BT BATERIAS CAMARA FOTOGRAFICA CTO 158-25 | J90: 1 | K90: 49945555MH2512170280601062
A91: 90 | B91: 14234 | C91: 217444000278 | D91: INSTITUCION EDUCATIVA PATIO BONITO - INSTITUCION EDUCATIVA PATIO BONITO - SEDE PRINCIPAL | E91: Marquetalia - Caldas | F91: ENTIDAD TERRITORIAL | G91: Comité de focalizacion 2026 | H91: 45106 | I91: BT BATERIAS CAMARA FOTOGRAFICA CTO 158-25 | J91: 1 | K91: 49945555MH2512170281774062
A92: 91 | B92: 14234 | C92: 217444000278 | D92: INSTITUCION EDUCATIVA PATIO BONITO - INSTITUCION EDUCATIVA PATIO BONITO - SEDE PRINCIPAL | E92: Marquetalia - Caldas | F92: ENTIDAD TERRITORIAL | G92: Comité de focalizacion 2026 | H92: 45105 | I92: BT MEMORIAS USD 128 GB CTO 158-25 | J92: 2 | K92: 1465 Y 1464
A93: 92 | B93: 14234 | C93: 217444000278 | D93: INSTITUCION EDUCATIVA PATIO BONITO - INSTITUCION EDUCATIVA PATIO BONITO - SEDE PRINCIPAL | E93: Marquetalia - Caldas | F93: ENTIDAD TERRITORIAL | G93: Comité de focalizacion 2026 | H93: 45127 | I93: BT ESTUCHE DE TRANSPORTE CAMARA INDIVIDUAL CTO 158-25 | J93: 1 | K93: 14
A94: 93 | B94: 19583 | C94: 217380000040 | D94: INSTITUCION EDUCATIVA EL JAPON - INSTITUCION EDUCATIVA EL JAPON - SEDE PRINCIPAL | E94: La Dorada - Caldas | F94: ENTIDAD TERRITORIAL | G94: Comité de focalizacion 2026 | H94: 45099 | I94: BT CAMARA FOTOGRAFICA SONY CTO 158-25 | J94: 1 | K94: S014968374R
A95: 94 | B95: 19583 | C95: 217380000040 | D95: INSTITUCION EDUCATIVA EL JAPON - INSTITUCION EDUCATIVA EL JAPON - SEDE PRINCIPAL | E95: La Dorada - Caldas | F95: ENTIDAD TERRITORIAL | G95: Comité de focalizacion 2026 | H95: 45103 | I95: BT LENTE CAMARA FOTOGRAFICA 18105 CTO 158-25 | J95: 1 | K95: S0125102624
A96: 95 | B96: 19583 | C96: 217380000040 | D96: INSTITUCION EDUCATIVA EL JAPON - INSTITUCION EDUCATIVA EL JAPON - SEDE PRINCIPAL | E96: La Dorada - Caldas | F96: ENTIDAD TERRITORIAL | G96: Comité de focalizacion 2026 | H96: 45107 | I96: BT CARGADORES CÁMARA FOTOGRÁFICA CTO 158-25 | J96: 1 | K96: 14932504726015PA1000100
A97: 96 | B97: 19583 | C97: 217380000040 | D97: INSTITUCION EDUCATIVA EL JAPON - INSTITUCION EDUCATIVA EL JAPON - SEDE PRINCIPAL | E97: La Dorada - Caldas | F97: ENTIDAD TERRITORIAL | G97: Comité de focalizacion 2026 | H97: 45106 | I97: BT BATERIAS CAMARA FOTOGRAFICA CTO 158-25 | J97: 1 | K97: 49945555MH2512170282953062
A98: 97 | B98: 19583 | C98: 217380000040 | D98: INSTITUCION EDUCATIVA EL JAPON - INSTITUCION EDUCATIVA EL JAPON - SEDE PRINCIPAL | E98: La Dorada - Caldas | F98: ENTIDAD TERRITORIAL | G98: Comité de focalizacion 2026 | H98: 45106 | I98: BT BATERIAS CAMARA FOTOGRAFICA CTO 158-25 | J98: 1 | K98: 49945555MH2512170280515062
A99: 98 | B99: 19583 | C99: 217380000040 | D99: INSTITUCION EDUCATIVA EL JAPON - INSTITUCION EDUCATIVA EL JAPON - SEDE PRINCIPAL | E99: La Dorada - Caldas | F99: ENTIDAD TERRITORIAL | G99: Comité de focalizacion 2026 | H99: 45105 | I99: BT MEMORIAS USD 128 GB CTO 158-25 | J99: 2 | K99: 303 Y392
A100: 99 | B100: 19583 | C100: 217380000040 | D100: INSTITUCION EDUCATIVA EL JAPON - INSTITUCION EDUCATIVA EL JAPON - SEDE PRINCIPAL | E100: La Dorada - Caldas | F100: ENTIDAD TERRITORIAL | G100: Comité de focalizacion 2026 | H100: 45127 | I100: BT ESTUCHE DE TRANSPORTE CAMARA INDIVIDUAL CTO 158-25 | J100: 1 | K100: 19
A101: 100 | B101: 8951 | C101: 217042000107 | D101: INSTITUCION EDUCATIVA OCUZCA - INSTITUCION EDUCATIVA OCUZCA - SEDE PRINCIPAL | E101: Anserma - Caldas | F101: ENTIDAD TERRITORIAL | G101: Comité de focalizacion 2026 | H101: 45054 | I101: BT EQUIPO DE ESCRITORIO PARA DISEÑO CTO 158-25 | J101: 1 | K101: GM1DFW1M
A102: 101 | B102: 8951 | C102: 217042000107 | D102: INSTITUCION EDUCATIVA OCUZCA - INSTITUCION EDUCATIVA OCUZCA - SEDE PRINCIPAL | E102: Anserma - Caldas | F102: ENTIDAD TERRITORIAL | G102: Comité de focalizacion 2026 | H102: 45125 | I102: BT EQUIPO DE ESCRITORIO PARA DISEÑO MONITOR CTO 158-25 | J102: 1 | K102: V90G6K5A
A103: 102 | B103: 8951 | C103: 217042000107 | D103: INSTITUCION EDUCATIVA OCUZCA - INSTITUCION EDUCATIVA OCUZCA - SEDE PRINCIPAL | E103: Anserma - Caldas | F103: ENTIDAD TERRITORIAL | G103: Comité de focalizacion 2026 | H103: 45059 | I103: BT PANTALLA INTERACTIVA CTO 158-25 | J103: 1 | K103: EM260401026500349
A104: 103 | B104: 8951 | C104: 217042000107 | D104: INSTITUCION EDUCATIVA OCUZCA - INSTITUCION EDUCATIVA OCUZCA - SEDE PRINCIPAL | E104: Anserma - Caldas | F104: ENTIDAD TERRITORIAL | G104: Comité de focalizacion 2026 | H104: 45090 | I104: BT SPORTE MOVIL PANTALLA INTERACTIVA CTO 158-25 | J104: 1 | K104: EMSPICPE0305
A105: 104 | B105: 8951 | C105: 217042000107 | D105: INSTITUCION EDUCATIVA OCUZCA - INSTITUCION EDUCATIVA OCUZCA - SEDE PRINCIPAL | E105: Anserma - Caldas | F105: ENTIDAD TERRITORIAL | G105: Comité de focalizacion 2026 | H105: 45078 | I105: BT KIT AGRICULTURA INTELIGENTE CTO 158-25 | J105: 1 | K105: BT25-KAI-214
A106: 105 | B106: 8951 | C106: 217042000107 | D106: INSTITUCION EDUCATIVA OCUZCA - INSTITUCION EDUCATIVA OCUZCA - SEDE PRINCIPAL | E106: Anserma - Caldas | F106: ENTIDAD TERRITORIAL | G106: Comité de focalizacion 2026 | H106: 45078 | I106: BT KIT AGRICULTURA INTELIGENTE CTO 158-25 | J106: 1 | K106: BT25-KAI-170
A107: 106 | B107: 8951 | C107: 217042000107 | D107: INSTITUCION EDUCATIVA OCUZCA - INSTITUCION EDUCATIVA OCUZCA - SEDE PRINCIPAL | E107: Anserma - Caldas | F107: ENTIDAD TERRITORIAL | G107: Comité de focalizacion 2026 | H107: 45078 | I107: BT KIT AGRICULTURA INTELIGENTE CTO 158-25 | J107: 1 | K107: BT25-KAI-186
A108: 107 | B108: 8951 | C108: 217042000107 | D108: INSTITUCION EDUCATIVA OCUZCA - INSTITUCION EDUCATIVA OCUZCA - SEDE PRINCIPAL | E108: Anserma - Caldas | F108: ENTIDAD TERRITORIAL | G108: Comité de focalizacion 2026 | H108: 45083 | I108: BT KIT AVANZADO DE 45 SENSORES PARA MICRO:BIT CTO 158-25 | J108: 1 | K108: BT25-KSM-067
A109: 108 | B109: 8951 | C109: 217042000107 | D109: INSTITUCION EDUCATIVA OCUZCA - INSTITUCION EDUCATIVA OCUZCA - SEDE PRINCIPAL | E109: Anserma - Caldas | F109: ENTIDAD TERRITORIAL | G109: Comité de focalizacion 2026 | H109: 45083 | I109: BT KIT AVANZADO DE 45 SENSORES PARA MICRO:BIT CTO 158-25 | J109: 1 | K109: BT25-KSM-588
A110: 109 | B110: 8951 | C110: 217042000107 | D110: INSTITUCION EDUCATIVA OCUZCA - INSTITUCION EDUCATIVA OCUZCA - SEDE PRINCIPAL | E110: Anserma - Caldas | F110: ENTIDAD TERRITORIAL | G110: Comité de focalizacion 2026 | H110: 45083 | I110: BT KIT AVANZADO DE 45 SENSORES PARA MICRO:BIT CTO 158-25 | J110: 1 | K110: BT25-KSM-705
A111: 110 | B111: 14892 | C111: 217614000391 | D111: INSTITUCION EDUCATIVA LA IBERIA - CENTRO EDUCATIVO PORTACHUELO - SEDE PRINCIPAL | E111: Riosucio - Caldas | F111: ENTIDAD TERRITORIAL | G111: Comité de focalizacion 2026 | H111: 45052 | I111: BT PORTATIL DE DISEÑO LENOVO THINKPAD P16S CTO 158-25 | J111: 1 | K111: PF6CS06W
A112: 111 | B112: 14892 | C112: 217614000391 | D112: INSTITUCION EDUCATIVA LA IBERIA - CENTRO EDUCATIVO PORTACHUELO - SEDE PRINCIPAL | E112: Riosucio - Caldas | F112: ENTIDAD TERRITORIAL | G112: Comité de focalizacion 2026 | H112: 45059 | I112: BT PANTALLA INTERACTIVA CTO 158-25 | J112: 1 | K112: EM260401026500295
... A126: 125 | B126: 33235 | C126: 217614000201 | D126: INSTITUCION EDUCATIVA SIPIRRA - INSTITUCIÓN EDUCATIVA SIPIRRA - SEDE PRINCIPAL | E126: Riosucio - Caldas | F126: ENTIDAD TERRITORIAL | G126: Comité de focalizacion 2026 | H126: 45102 | I126: BT PROTECTOR MICROFONO CONDENSADOR CTO 158-25 | J126: 1 | K126: NO APLICA
A127: 126 | B127: 33235 | C127: 217614000201 | D127: INSTITUCION EDUCATIVA SIPIRRA - INSTITUCIÓN EDUCATIVA SIPIRRA - SEDE PRINCIPAL | E127: Riosucio - Caldas | F127: ENTIDAD TERRITORIAL | G127: Comité de focalizacion 2026 | H127: 45113 | I127: BT COMBO CARGADOR PILAS RECARGABLES CTO 158-25 | J127: 1 | K127: 175
A128: 127 | B128: 33235 | C128: 217614000201 | D128: INSTITUCION EDUCATIVA SIPIRRA - INSTITUCIÓN EDUCATIVA SIPIRRA - SEDE PRINCIPAL | E128: Riosucio - Caldas | F128: ENTIDAD TERRITORIAL | G128: Comité de focalizacion 2026 | H128: 45092 | I128: BT CABINA ACTIVA CTO 158-25 | J128: 1 | K128: 2026011680070349
A129: 128 | B129: 33290 | C129: 217616000259 | D129: INSTITUCION EDUCATIVA QUIEBRA DE SANTA BARBARA - INSTITUCION EDUCATIVA QUIEBRA DE SANTA BARBARA - SEDE PRINCIPAL | E129: Risaralda - Caldas | F129: ENTIDAD TERRITORIAL | G129: Comité de focalizacion 2026 | H129: 45052 | I129: BT PORTATIL DE DISEÑO LENOVO THINKPAD P16S CTO 158-25 | J129: 1 | K129: PF6CR2Z3
A130: 129 | B130: 33290 | C130: 217616000259 | D130: INSTITUCION EDUCATIVA QUIEBRA DE SANTA BARBARA - INSTITUCION EDUCATIVA QUIEBRA DE SANTA BARBARA - SEDE PRINCIPAL | E130: Risaralda - Caldas | F130: ENTIDAD TERRITORIAL | G130: Comité de focalizacion 2026 | H130: 45057 | I130: BT VIDEOPROYECTOR CTO 158-25 | J130: 1 | K130: Y88252351911
A131: 130 | B131: 19768 | C131: 217662000093 | D131: INSTITUCION EDUCATIVA ENCIMADAS - INSTITUCION EDUCATIVA ENCIMADAS - SEDE PRINCIPAL | E131: Samaná - Caldas | F131: ENTIDAD TERRITORIAL | G131: Comité de focalizacion 2026 | H131: 45058 | I131: BT SMART TV CTO 158-25 | J131: 1 | K131: 0KBC3CDL400501
A132: 131 | B132: 19768 | C132: 217662000093 | D132: INSTITUCION EDUCATIVA ENCIMADAS - INSTITUCION EDUCATIVA ENCIMADAS - SEDE PRINCIPAL | E132: Samaná - Caldas | F132: ENTIDAD TERRITORIAL | G132: Comité de focalizacion 2026 | H132: 45089 | I132: BT SPORTE MOVIL SMART TV CTO 158-25 | J132: 1 | K132: STV-CPE-623
A133: 132 | B133: 19768 | C133: 217662000093 | D133: INSTITUCION EDUCATIVA ENCIMADAS - INSTITUCION EDUCATIVA ENCIMADAS - SEDE PRINCIPAL | E133: Samaná - Caldas | F133: ENTIDAD TERRITORIAL | G133: Comité de focalizacion 2026 | H133: 45078 | I133: BT KIT AGRICULTURA INTELIGENTE CTO 158-25 | J133: 1 | K133: BT25-KAI-169
A134: 133 | B134: 689 | C134: 217777000089 | D134: INSTITUCION EDUCATIVA CAÑAMOMO Y LOMAPRIETA - INSTITUCION EDUCATIVA CAÑAMOMO Y LOMAPRIETA - SEDE PRINCIPAL | E134: Supía - Caldas | F134: ENTIDAD TERRITORIAL | G134: Comité de focalizacion 2026 | H134: 45058 | I134: BT SMART TV CTO 158-25 | J134: 1 | K134: 0KBC3CDL400520
A135: 134 | B135: 689 | C135: 217777000089 | D135: INSTITUCION EDUCATIVA CAÑAMOMO Y LOMAPRIETA - INSTITUCION EDUCATIVA CAÑAMOMO Y LOMAPRIETA - SEDE PRINCIPAL | E135: Supía - Caldas | F135: ENTIDAD TERRITORIAL | G135: Comité de focalizacion 2026 | H135: 45089 | I135: BT SPORTE MOVIL SMART TV CTO 158-25 | J135: 1 | K135: STV-CPE-567
A136: 135 | B136: 689 | C136: 217777000089 | D136: INSTITUCION EDUCATIVA CAÑAMOMO Y LOMAPRIETA - INSTITUCION EDUCATIVA CAÑAMOMO Y LOMAPRIETA - SEDE PRINCIPAL | E136: Supía - Caldas | F136: ENTIDAD TERRITORIAL | G136: Comité de focalizacion 2026 | H136: 45055 | I136: BT IMPRESORA 3D CTO 158-25 | J136: 1 | K136: Q2 24828
A137: 136 | B137: 689 | C137: 217777000089 | D137: INSTITUCION EDUCATIVA CAÑAMOMO Y LOMAPRIETA - INSTITUCION EDUCATIVA CAÑAMOMO Y LOMAPRIETA - SEDE PRINCIPAL | E137: Supía - Caldas | F137: ENTIDAD TERRITORIAL | G137: Comité de focalizacion 2026 | H137: 45056 | I137: BT KIT DE FILAMENTO PLA CTO 158-25 | J137: 1 | K137: PLA322
A138: 137 | B138: 689 | C138: 217777000089 | D138: INSTITUCION EDUCATIVA CAÑAMOMO Y LOMAPRIETA - INSTITUCION EDUCATIVA CAÑAMOMO Y LOMAPRIETA - SEDE PRINCIPAL | E138: Supía - Caldas | F138: ENTIDAD TERRITORIAL | G138: Comité de focalizacion 2026 | H138: 45070 | I138: BT KIT DE MANTENIMIENTO CTO 158-25 | J138: 1 | K138: BT25-KMT-441
A139: 138 | B139: 689 | C139: 217777000089 | D139: INSTITUCION EDUCATIVA CAÑAMOMO Y LOMAPRIETA - INSTITUCION EDUCATIVA CAÑAMOMO Y LOMAPRIETA - SEDE PRINCIPAL | E139: Supía - Caldas | F139: ENTIDAD TERRITORIAL | G139: Comité de focalizacion 2026 | H139: 45070 | I139: BT KIT DE MANTENIMIENTO CTO 158-25 | J139: 1 | K139: BT25-KMT-442
... A176: 175 | B176: 32747 | C176: 217174000432 | D176: INSTITUCION EDUCATIVA EL TREBOL - INSTITUCIÓN EDUCATIVA EL TREBOL - SEDE PRINCIPAL | E176: Chinchiná - Caldas | F176: ENTIDAD TERRITORIAL | G176: Comité de focalizacion 2026 | H176: 45102 | I176: BT PROTECTOR MICROFONO CONDENSADOR CTO 158-25 | J176: 1 | K176: NO APLICA
A177: 176 | B177: 32747 | C177: 217174000432 | D177: INSTITUCION EDUCATIVA EL TREBOL - INSTITUCIÓN EDUCATIVA EL TREBOL - SEDE PRINCIPAL | E177: Chinchiná - Caldas | F177: ENTIDAD TERRITORIAL | G177: Comité de focalizacion 2026 | H177: 45113 | I177: BT COMBO CARGADOR PILAS RECARGABLES CTO 158-25 | J177: 1 | K177: 149
A178: 177 | B178: 32747 | C178: 217174000432 | D178: INSTITUCION EDUCATIVA EL TREBOL - INSTITUCIÓN EDUCATIVA EL TREBOL - SEDE PRINCIPAL | E178: Chinchiná - Caldas | F178: ENTIDAD TERRITORIAL | G178: Comité de focalizacion 2026 | H178: 45092 | I178: BT CABINA ACTIVA CTO 158-25 | J178: 1 | K178: 2026011680070132
A179: 178 | B179: 33402 | C179: 217662000026 | D179: INSTITUCION EDUCATIVA DULCE NOMBRE - ESCUELA RURAL LA TULIA | E179: Samaná - Caldas | F179: ENTIDAD TERRITORIAL | G179: Comité de focalizacion 2026 | H179: 45106 | I179: BT BATERIAS CAMARA FOTOGRAFICA CTO 158-25 | J179: 1 | K179: 49945555MH2512170280083062
A180: 179 | B180: 33402 | C180: 217662000026 | D180: INSTITUCION EDUCATIVA DULCE NOMBRE - ESCUELA RURAL LA TULIA | E180: Samaná - Caldas | F180: ENTIDAD TERRITORIAL | G180: Comité de focalizacion 2026 | H180: 45106 | I180: BT BATERIAS CAMARA FOTOGRAFICA CTO 158-25 | J180: 1 | K180: 49945555MH2512100281326062
A181: 180 | B181: 33402 | C181: 217662000026 | D181: INSTITUCION EDUCATIVA DULCE NOMBRE - ESCUELA RURAL LA TULIA | E181: Samaná - Caldas | F181: ENTIDAD TERRITORIAL | G181: Comité de focalizacion 2026 | H181: 45120 | I181: BT ESTUCHE DE TRANSPORTE KIT AUDIO VISUAL CTO 158-25 | J181: 1 | K181: 662
A182: 181 | B182: 33402 | C182: 217662000026 | D182: INSTITUCION EDUCATIVA DULCE NOMBRE - ESCUELA RURAL LA TULIA | E182: Samaná - Caldas | F182: ENTIDAD TERRITORIAL | G182: Comité de focalizacion 2026 | H182: 45107 | I182: BT CARGADORES CÁMARA FOTOGRÁFICA CTO 158-25 | J182: 1 | K182: 14932504726035PA1000579
A183: 182 | B183: 33402 | C183: 217662000026 | D183: INSTITUCION EDUCATIVA DULCE NOMBRE - ESCUELA RURAL LA TULIA | E183: Samaná - Caldas | F183: ENTIDAD TERRITORIAL | G183: Comité de focalizacion 2026 | H183: 45099 | I183: BT CAMARA FOTOGRAFICA SONY CTO 158-25 | J183: 1 | K183: S014968462P
A184: 183 | B184: 33402 | C184: 217662000026 | D184: INSTITUCION EDUCATIVA DULCE NOMBRE - ESCUELA RURAL LA TULIA | E184: Samaná - Caldas | F184: ENTIDAD TERRITORIAL | G184: Comité de focalizacion 2026 | H184: 45103 | I184: BT LENTE CAMARA FOTOGRAFICA 18105 CTO 158-25 | J184: 1 | K184: S012507534C
A185: 184 | B185: 33402 | C185: 217662000026 | D185: INSTITUCION EDUCATIVA DULCE NOMBRE - ESCUELA RURAL LA TULIA | E185: Samaná - Caldas | F185: ENTIDAD TERRITORIAL | G185: Comité de focalizacion 2026 | H185: 45105 | I185: BT MEMORIAS USD 128 GB CTO 158-25 | J185: 2 | K185: SD0124 - SD1158
A186: 185 | B186: 33402 | C186: 217662000026 | D186: INSTITUCION EDUCATIVA DULCE NOMBRE - ESCUELA RURAL LA TULIA | E186: Samaná - Caldas | F186: ENTIDAD TERRITORIAL | G186: Comité de focalizacion 2026 | H186: 45111 | I186: BT GRABADORA PORTÁTIL ESTÉREO CTO 158-25 | J186: 1 | K186: GPE139
A187: 186 | B187: 33402 | C187: 217662000026 | D187: INSTITUCION EDUCATIVA DULCE NOMBRE - ESCUELA RURAL LA TULIA | E187: Samaná - Caldas | F187: ENTIDAD TERRITORIAL | G187: Comité de focalizacion 2026 | H187: 45126 | I187: BT TRÍPODE FOTOGRÁFICO CTO 158-25 | J187: 1 | K187: 2603035558
A188: 187 | B188: 33402 | C188: 217662000026 | D188: INSTITUCION EDUCATIVA DULCE NOMBRE - ESCUELA RURAL LA TULIA | E188: Samaná - Caldas | F188: ENTIDAD TERRITORIAL | G188: Comité de focalizacion 2026 | H188: 45112 | I188: BT MICRÓFONO TIPO BOOM CTO 158-25 | J188: 1 | K188: BY34100086823
A189: 188 | B189: 33402 | C189: 217662000026 | D189: INSTITUCION EDUCATIVA DULCE NOMBRE - ESCUELA RURAL LA TULIA | E189: Samaná - Caldas | F189: ENTIDAD TERRITORIAL | G189: Comité de focalizacion 2026 | H189: 45119 | I189: BT KIT DE TELÓN ESTUDIO FONDO VERDE CTO 158-25 | J189: 1 | K189: 606
...
